model,run,words,model_size,CPU,GPU,speedup
llama3.1:8b,1,10,8b,3.467328530001396,0.4736045000008744,7.321147772022846
llama3.1:8b,1,12,8b,2.4795176930001617,0.4543080029998236,5.457790038096961
llama3.1:8b,1,14,8b,1.4141783360009867,0.7437854050003807,1.9013257405881243
llama3.1:8b,1,16,8b,2.6424174110015883,2.248318824000308,1.1752858993103492
llama3.1:8b,1,18,8b,3.1043138780005397,0.5569036649994814,5.574238549863791
llama3.1:8b,1,20,8b,3.0050801950001187,0.5674095150006906,5.296139940473965
llama3.1:8b,1,22,8b,3.1825159849995543,0.443159927999659,7.1814164231067465
llama3.1:8b,1,24,8b,3.3562463549988024,0.6056031139996776,5.541989922793873
llama3.1:8b,1,26,8b,3.3217860180011485,0.6166893469999195,5.386481920209953
llama3.1:8b,1,28,8b,2.4922421149985894,0.4367407070003537,5.706457115289166
llama3.1:8b,1,30,8b,9.80313232700064,0.4389147000001685,22.334937351145623
llama3.1:8b,1,32,8b,2.5064161959999183,0.3162089020006533,7.926456782658003
llama3.1:8b,1,34,8b,8.289510069000244,0.4657800330005557,17.797048996710327
llama3.1:8b,1,36,8b,4.980119567000656,0.442739279998932,11.248424957940642
llama3.1:8b,1,38,8b,3.288891271000466,0.3262890679998236,10.079685755828768
llama3.1:8b,1,40,8b,5.000075633000961,1.9235796939992724,2.5993597502609385
llama3.1:8b,1,42,8b,3.245576990999325,1.6709544490004191,1.9423491723193653
llama3.1:8b,1,44,8b,5.049554042998352,0.9238939259994368,5.4655127616906
llama3.1:8b,1,46,8b,4.800369537999359,0.9538964330004092,5.032380216477128
llama3.1:8b,1,48,8b,4.985692696000115,0.989746032999392,5.037345470222438
llama3.1:8b,1,50,8b,8.92156002899901,0.9987836069994956,8.93242536869502
llama3.1:8b,1,52,8b,4.97224489600012,1.0964943580002,4.534674400941344
llama3.1:8b,1,54,8b,5.0091218299985485,0.9443143699991196,5.304506623152647
llama3.1:8b,1,56,8b,5.000021034999008,0.973906970999451,5.133982180934432
llama3.1:8b,1,58,8b,5.204039767999348,0.9839743159991484,5.288796347001249
llama3.1:8b,1,60,8b,1.7949696270006823,0.332256256000619,5.4023651762251195
llama3.1:8b,1,62,8b,1.8355150719999076,0.9786311199986812,1.875594424181382
llama3.1:8b,1,64,8b,5.104457560999435,0.9736868059990228,5.242401899204289
llama3.1:8b,1,66,8b,4.791235320000851,0.9425105610007448,5.083481839093222
llama3.1:8b,1,68,8b,5.130566313999225,1.0143261100001837,5.058103368746266
llama3.1:8b,1,70,8b,5.102651443001378,0.3107659369998146,16.41959698756953
llama3.1:8b,1,72,8b,4.763813495999784,1.0256509330010886,4.644673292560372
llama3.1:8b,1,74,8b,5.026066841999636,0.4645517219996691,10.819176001253132
llama3.1:8b,1,76,8b,5.132072704000166,0.4461945230013953,11.50187292636068
llama3.1:8b,1,78,8b,4.935485687999972,0.9994898219993048,4.938004949492527
llama3.1:8b,1,80,8b,5.145111566998821,1.0060329000007189,5.114257761346716
llama3.1:8b,1,82,8b,5.392334589998427,1.041847451000649,5.175742940887675
llama3.1:8b,1,84,8b,6.953972655999678,1.161302758999227,5.988078993278536
llama3.1:8b,1,86,8b,5.490524180000648,1.0063436640011787,5.4559136966894215
llama3.1:8b,1,88,8b,5.903455609999583,1.10990910199871,5.318864039738675
llama3.1:8b,1,90,8b,5.982077370999832,1.1431633080010215,5.232915830250289
llama3.1:8b,1,92,8b,9.240236920000823,1.1644084109993855,7.935563529698429
llama3.1:8b,1,94,8b,5.474672575999648,1.128232721999666,4.852432010920943
llama3.1:8b,1,96,8b,5.2944132030006585,1.0608469859998877,4.990741617661738
llama3.1:8b,1,98,8b,2.8876454279998143,1.1173613339997246,2.584343434959533
llama3.1:8b,2,10,8b,1.9707401840005327,0.4555563519988936,4.326007474933242
llama3.1:8b,2,12,8b,1.8774638030008648,0.4353216559993598,4.312819675122309
llama3.1:8b,2,14,8b,5.669527657999424,1.2496905850002804,4.536745115990573
llama3.1:8b,2,16,8b,2.5061014559996693,0.3053317410012823,8.207798664434119
llama3.1:8b,2,18,8b,2.334045802999753,0.5221560600002704,4.4700157324585
llama3.1:8b,2,20,8b,7.995878080000693,0.4531532399996649,17.644976079188147
llama3.1:8b,2,22,8b,1.8722028869997305,0.6116837200006557,3.0607368249031106
llama3.1:8b,2,24,8b,1.8978035479995012,0.5938857490000373,3.1955701095622384
llama3.1:8b,2,26,8b,10.272620476000156,0.6085804989997996,16.879641219005833
llama3.1:8b,2,28,8b,1.862345147999804,0.4335020359994814,4.29604706170753
llama3.1:8b,2,30,8b,2.700070222001159,0.6424837790000311,4.202550025782096
llama3.1:8b,2,32,8b,1.8861092000006463,0.4269164559991623,4.417981957585508
llama3.1:8b,2,34,8b,1.7270018790004542,0.4309720009987359,4.007225237366452
llama3.1:8b,2,36,8b,4.712338113999067,0.3020069600006536,15.60340898762356
llama3.1:8b,2,38,8b,1.164710056998956,0.4280609819998062,2.720897502869073
llama3.1:8b,2,40,8b,1.864781876000052,0.3041676230004668,6.13077045349166
llama3.1:8b,2,42,8b,4.23501067899997,0.992062576000535,4.268894706292888
llama3.1:8b,2,44,8b,1.4268409039996186,0.9668245440007012,1.475801284579908
llama3.1:8b,2,46,8b,4.101257939999414,0.3827765819987689,10.714495433820986
llama3.1:8b,2,48,8b,4.336807857998792,0.916353041999173,4.732682338825811
llama3.1:8b,2,50,8b,4.161103824999373,0.9396084950003568,4.428550664601849
llama3.1:8b,2,52,8b,4.141406488000939,0.8949368720004713,4.627596222226899
llama3.1:8b,2,54,8b,7.289806700999179,0.9884430379988772,7.375039755206875
llama3.1:8b,2,56,8b,4.5116780970001855,0.9386473419999676,4.806574200047478
llama3.1:8b,2,58,8b,4.255848238999533,0.9702135190000264,4.386506841695964
llama3.1:8b,2,60,8b,1.1634597320007742,0.9526320429995394,1.2213107259518634
llama3.1:8b,2,62,8b,4.172507612000118,0.3487489440012723,11.964215759703906
llama3.1:8b,2,64,8b,4.534359100998699,0.4524979640009405,10.020728183849409
llama3.1:8b,2,66,8b,4.491462070000125,1.062077213999146,4.228941183181939
llama3.1:8b,2,68,8b,4.560915389000002,0.983385712999734,4.637971986685996
llama3.1:8b,2,70,8b,1.1993155439995462,1.0643838119995053,1.1267698084834306
llama3.1:8b,2,72,8b,4.393308768001589,1.020387037000546,4.305531733248821
llama3.1:8b,2,74,8b,4.458444837999195,0.9856591019997722,4.523313211386776
llama3.1:8b,2,76,8b,4.336910649999481,0.9934953190004308,4.36530557019927
llama3.1:8b,2,78,8b,4.514319375999548,0.9799019720012438,4.6069091653933505
llama3.1:8b,2,80,8b,4.779972582000482,0.8961075799998071,5.3341503728843715
llama3.1:8b,2,82,8b,4.54593879300046,1.2399665850007295,3.666178466412291
llama3.1:8b,2,84,8b,8.586762771999929,1.120450473999881,7.663670078469564
llama3.1:8b,2,86,8b,1.8064339280008423,1.0401244409986248,1.7367478897683462
llama3.1:8b,2,88,8b,1.343905691001055,1.0716080409983988,1.2541019100126956
llama3.1:8b,2,90,8b,2.2861170649994165,0.493071898999915,4.636478107221865
llama3.1:8b,2,92,8b,5.1054074019994005,1.119173649000004,4.5617651975286835
llama3.1:8b,2,94,8b,1.9436519430000767,1.0544622920006077,1.8432635834823732
llama3.1:8b,2,96,8b,4.630987934999212,0.986056419000306,4.696473594983792
llama3.1:8b,2,98,8b,4.503072847999647,1.07055249899895,4.206307352708411
llama3.1:8b,3,10,8b,1.9695781610007543,0.4491971549996378,4.384663035103912
llama3.1:8b,3,12,8b,1.9162138479987332,0.4334543999993911,4.420796854297534
llama3.1:8b,3,14,8b,5.676866220001102,0.2412041170009615,23.535527878151733
llama3.1:8b,3,16,8b,3.82090388999859,2.0758253580006567,1.8406673159049929
llama3.1:8b,3,18,8b,2.3830672210006014,0.5520719230007671,4.316588331548406
llama3.1:8b,3,20,8b,2.348421042999689,0.5472393889995146,4.291396215636393
llama3.1:8b,3,22,8b,2.7219890720007243,0.6137886939995951,4.434733155906779
llama3.1:8b,3,24,8b,2.746389296000416,0.6053772680006659,4.536657455062212
llama3.1:8b,3,26,8b,7.298207402000116,0.6015845619986067,12.131640110167954
llama3.1:8b,3,28,8b,5.829312758000015,0.4288746750007703,13.59211232976054
llama3.1:8b,3,30,8b,4.954499649998979,0.5496273799999472,9.014288280178938
llama3.1:8b,3,32,8b,1.8725519780000468,0.4323699830001715,4.330901893342823
llama3.1:8b,3,34,8b,1.1662027500005934,0.4302538800002367,2.7104990895142
llama3.1:8b,3,36,8b,8.919499581999844,1.0149658000009367,8.787980424553824
llama3.1:8b,3,38,8b,1.879328342000008,1.0021646419991157,1.8752690558420901
llama3.1:8b,3,40,8b,5.766621929999019,1.0081561990009504,5.719968726784154
llama3.1:8b,3,42,8b,7.567593247000332,0.9892768730005628,7.6496211056134
llama3.1:8b,3,44,8b,6.487661047000074,0.9967982260004646,6.508499792411398
llama3.1:8b,3,46,8b,4.675779693998265,1.0635404590011603,4.396428602621843
llama3.1:8b,3,48,8b,4.478761798998676,1.073881652000637,4.170628849701233
llama3.1:8b,3,50,8b,4.187355293999644,0.9567230619995826,4.376768429986348
llama3.1:8b,3,52,8b,4.358889420000196,0.978528813999219,4.454533538144412
llama3.1:8b,3,54,8b,8.0692456400011,0.9858373219994974,8.185169560871234
llama3.1:8b,3,56,8b,4.781347604000985,0.94393785200009,5.065320342721598
llama3.1:8b,3,58,8b,4.374291825999535,0.9747533290010324,4.487588496345522
llama3.1:8b,3,60,8b,4.402239967001151,0.4647937660010939,9.4713834156519
llama3.1:8b,3,62,8b,4.485930836999614,0.9393420090000292,4.77560972895813
llama3.1:8b,3,64,8b,4.504698356000517,1.0368147330009378,4.344747631972975
llama3.1:8b,3,66,8b,4.16418829399845,0.9908206240015716,4.202767073197141
llama3.1:8b,3,68,8b,4.766701623000699,0.9931864049995056,4.7994028099922215
llama3.1:8b,3,70,8b,1.1829983379993791,0.9899470630007272,1.1950117154885787
llama3.1:8b,3,72,8b,1.1674443179999798,0.9754300639997382,1.196850867209167
llama3.1:8b,3,74,8b,4.452466826000091,0.3062326239996764,14.53949212806535
llama3.1:8b,3,76,8b,3.9185962160008794,0.4533856100006233,8.642965567423925
llama3.1:8b,3,78,8b,4.314919780999844,0.9339102109988744,4.620272623836902
llama3.1:8b,3,80,8b,6.111471943000652,1.3122611480011983,4.657207105696519
llama3.1:8b,3,82,8b,4.514381381999556,1.0568604350009991,4.2715019244667705
llama3.1:8b,3,84,8b,4.570936656000413,0.4294476009999926,10.643758738800107
llama3.1:8b,3,86,8b,4.5127224200005,1.2610994810002012,3.578403201325067
llama3.1:8b,3,88,8b,5.364281760999802,1.094867444000556,4.899480563052597
llama3.1:8b,3,90,8b,4.587074909000876,0.393517143000281,11.656607572487891
llama3.1:8b,3,92,8b,4.809819451000294,1.1240296520008997,4.2790859141823105
llama3.1:8b,3,94,8b,4.564381629999843,1.14623180000126,3.9820755539977397
llama3.1:8b,3,96,8b,4.861315464999279,1.0204959169986978,4.763679485652937
llama3.1:8b,3,98,8b,1.650292124999396,1.018954433000545,1.619593645752865
llama3.1:8b,4,10,8b,2.003014226000232,2.202922810000018,0.909253023713625
llama3.1:8b,4,12,8b,1.9112173659996188,0.365499675999672,5.229053516319215
llama3.1:8b,4,14,8b,4.200785095001265,0.7383426279993728,5.689479295518657
llama3.1:8b,4,16,8b,2.0080627229999664,0.5209075490001851,3.8549311232946883
llama3.1:8b,4,18,8b,2.3350650089996634,0.5251454879999073,4.44651065725252
llama3.1:8b,4,20,8b,15.11766465599976,0.9123567679998814,16.569904653791887
llama3.1:8b,4,22,8b,1.891509998000401,0.4320993080000335,4.37748907017517
llama3.1:8b,4,24,8b,1.9009734089995616,0.623569077000866,3.0485370091514685
llama3.1:8b,4,26,8b,9.690509080999618,0.5928403610014357,16.34589970330335
llama3.1:8b,4,28,8b,1.943604858000981,0.9816674430003332,1.9799015153855126
llama3.1:8b,4,30,8b,1.1511864210006024,0.648561650999909,1.774983795643452
llama3.1:8b,4,32,8b,1.661853603000054,0.3017415779995644,5.507539312339823
llama3.1:8b,4,34,8b,1.9446055429998523,0.434173854000619,4.478863766395937
llama3.1:8b,4,36,8b,4.096973678000722,0.9110370239995972,4.497044104765751
llama3.1:8b,4,38,8b,1.651256615999955,0.4302261280008679,3.838113281666203
llama3.1:8b,4,40,8b,1.169461068999226,0.2999292290005542,3.8991233795258586
llama3.1:8b,4,42,8b,1.1684965830008878,0.8263570109993452,1.4140336046617188
llama3.1:8b,4,44,8b,4.359431319000578,1.030165133999617,4.231779134355947
llama3.1:8b,4,46,8b,8.290330234998692,0.948777493000307,8.737907777283255
llama3.1:8b,4,48,8b,4.322695773000305,0.9173214429993096,4.7123021117512005
llama3.1:8b,4,50,8b,1.4060210900006496,0.9927077100001044,1.416349521452293
llama3.1:8b,4,52,8b,4.74079616400013,0.9645665360003476,4.91494986303197
llama3.1:8b,4,54,8b,1.905352840998603,0.9404923660003988,2.0259099487446504
llama3.1:8b,4,56,8b,4.581557728999542,0.9513133439995728,4.816034336002754
llama3.1:8b,4,58,8b,4.705519224000454,0.9600234049994468,4.901463026313578
llama3.1:8b,4,60,8b,1.1809451640001498,0.300317149998591,3.9323267552508754
llama3.1:8b,4,62,8b,1.1845045080008276,0.9565742080012568,1.2382776977395478
llama3.1:8b,4,64,8b,4.482216200000039,0.4564014240004326,9.820776106947008
llama3.1:8b,4,66,8b,4.41236491699965,1.04223404899858,4.233564352689519
llama3.1:8b,4,68,8b,4.488977429999068,1.2640373759986687,3.5513011839958404
llama3.1:8b,4,70,8b,4.356075993999184,0.30376411799989,14.340324402636526
llama3.1:8b,4,72,8b,4.159413224000673,1.0276578209995932,4.047469049527449
llama3.1:8b,4,74,8b,4.113774641000418,1.0459898799999792,3.932900996136311
llama3.1:8b,4,76,8b,6.797073026000362,0.9454310380006063,7.189390608938314
llama3.1:8b,4,78,8b,4.47152913500031,0.915471100999639,4.884402282188559
llama3.1:8b,4,80,8b,4.944591494999258,1.1062216379996244,4.46980182374713
llama3.1:8b,4,82,8b,6.069099865999306,0.7623035029992025,7.961526927425985
llama3.1:8b,4,84,8b,4.5057935870008805,1.0844550940000772,4.154891808734092
llama3.1:8b,4,86,8b,4.62882436000109,0.4132236469995405,11.20174122079281
llama3.1:8b,4,88,8b,1.9382513239997932,1.1742927479990612,1.6505690998283697
llama3.1:8b,4,90,8b,2.1922813350010983,0.4821968689993809,4.5464445664078195
llama3.1:8b,4,92,8b,5.121214282000437,1.1520049680002558,4.445479337550305
llama3.1:8b,4,94,8b,4.527494869998918,1.171916313000111,3.8633260922945185
llama3.1:8b,4,96,8b,5.155306265000036,1.055919967000591,4.882288834488107
llama3.1:8b,4,98,8b,1.6117027359996428,1.0629201929987175,1.5162970339783426
llama3.1:8b,5,10,8b,2.2223415539992857,0.4576960430003964,4.855496541833465
llama3.1:8b,5,12,8b,2.048686160998841,0.4294323370013444,4.770684423312134
llama3.1:8b,5,14,8b,0.813158865999867,1.0400263739993534,0.7818636972377131
llama3.1:8b,5,16,8b,6.142242559000806,0.2392550849999679,25.672359519554746
llama3.1:8b,5,18,8b,2.59316670500084,0.528964516999622,4.902345283403372
llama3.1:8b,5,20,8b,1.9635507300008608,0.4639336220006953,4.232395836139503
llama3.1:8b,5,22,8b,2.7389963749992603,0.4339222800008429,6.312181930353841
llama3.1:8b,5,24,8b,2.7073539639986848,0.6004464629986614,4.5089015105160515
llama3.1:8b,5,26,8b,8.20863898800053,0.5904179079989262,13.903099612648365
llama3.1:8b,5,28,8b,5.507888142999946,0.4362004399990837,12.626966041142728
llama3.1:8b,5,30,8b,2.4717379020003136,0.428034677001051,5.77462069035646
llama3.1:8b,5,32,8b,3.614678641000864,0.4358320600003935,8.293741954177488
llama3.1:8b,5,34,8b,4.735724275000393,0.4371789609995176,10.832461525991913
llama3.1:8b,5,36,8b,5.387589886999194,1.0060151970010338,5.355376243877614
llama3.1:8b,5,38,8b,1.8839985089998663,0.4393850859996746,4.287807140093193
llama3.1:8b,5,40,8b,1.8917118469998968,0.960333435999928,1.9698489879509293
llama3.1:8b,5,42,8b,3.4330488969990256,0.2961303789998055,11.59303178753329
llama3.1:8b,5,44,8b,4.160022358999413,0.923423090000142,4.505001449550902
llama3.1:8b,5,46,8b,4.983052371000667,0.9862579420005204,5.052483897765193
llama3.1:8b,5,48,8b,4.477482214000702,0.9824985569994168,4.557240498830941
llama3.1:8b,5,50,8b,1.4024361459996726,0.998563031998856,1.4044543018905584
llama3.1:8b,5,52,8b,4.496010812999884,0.979051131000233,4.592212470462704
llama3.1:8b,5,54,8b,5.790140553999663,0.9599462209989724,6.031734306922035
llama3.1:8b,5,56,8b,4.45722250200015,0.9602366580002126,4.6417958165466775
llama3.1:8b,5,58,8b,7.638622327000121,0.9672728160003315,7.897071230209681
llama3.1:8b,5,60,8b,1.1785755250002694,0.9124053920004372,1.2917235423349018
llama3.1:8b,5,62,8b,1.1894237060005253,1.0412354250001954,1.142319668964684
llama3.1:8b,5,64,8b,4.493874723000772,0.9916702800001076,4.531621864275578
llama3.1:8b,5,66,8b,4.400588919999791,0.9744336969997676,4.516047560289616
llama3.1:8b,5,68,8b,4.467348926998966,0.9579313579997688,4.663537621659154
llama3.1:8b,5,70,8b,4.446834470001704,0.8735115379986382,5.090756419989768
llama3.1:8b,5,72,8b,4.400872242000332,0.9401551920000202,4.681006156694434
llama3.1:8b,5,74,8b,1.6540204119992268,0.3924058430002333,4.215075900381645
llama3.1:8b,5,76,8b,7.775138111999695,1.026691064000261,7.573006510552155
llama3.1:8b,5,78,8b,4.467498320000232,1.0346441269994102,4.317908161288754
llama3.1:8b,5,80,8b,4.710631935000492,1.167507955000474,4.034775022152701
llama3.1:8b,5,82,8b,4.56033276999915,1.1159933079998154,4.086344189798586
llama3.1:8b,5,84,8b,4.699082516999624,1.1285817600000885,4.163705886048748
llama3.1:8b,5,86,8b,4.848173758000485,1.952657805999479,2.4828588722020957
llama3.1:8b,5,88,8b,2.1784453480013326,1.1976804879996052,1.8188868983244642
llama3.1:8b,5,90,8b,4.880319260999386,0.5394066900007601,9.04756902624346
llama3.1:8b,5,92,8b,5.0773997099986445,1.0913060160000896,4.652590231847698
llama3.1:8b,5,94,8b,1.9215140510004856,0.4859321170006296,3.9542849377004563
llama3.1:8b,5,96,8b,1.841699118998804,0.4732622890005586,3.891497720826495
llama3.1:8b,5,98,8b,4.571473138999863,1.1037895129993558,4.141616753159469
llama3.2:3b,1,10,3b,2.0654428909983835,0.4846605940001609,4.2616274493273485
llama3.2:3b,1,12,3b,3.3789738599989505,2.256610930999159,1.4973666100708125
llama3.2:3b,1,14,3b,1.600089237001157,0.5908827349994681,2.7079641056064996
llama3.2:3b,1,16,3b,2.842802795999887,0.6167880000011792,4.609043619516677
llama3.2:3b,1,18,3b,2.998146707001069,0.6287076770004205,4.768745184256854
llama3.2:3b,1,20,3b,3.8165533100000175,0.7194747689991345,5.304638153342398
llama3.2:3b,1,22,3b,2.615686316999927,0.547646557999542,4.776230725441927
llama3.2:3b,1,24,3b,3.363612765000653,0.5954307820011309,5.649040772961356
llama3.2:3b,1,26,3b,3.35219624399906,1.5495453260009526,2.1633418447012236
llama3.2:3b,1,28,3b,2.9858638559999235,0.5684700830006477,5.252455573808132
llama3.2:3b,1,30,3b,3.5616526279991376,0.6346335639991594,5.612140343721019
llama3.2:3b,1,32,3b,2.868381488000523,0.7422717350000312,3.86432805231416
llama3.2:3b,1,34,3b,3.607515599000181,0.833767127000101,4.326766410160644
llama3.2:3b,1,36,3b,2.9444949770004314,0.8440954139987298,3.4883437679769957
llama3.2:3b,1,38,3b,3.1619504390000657,0.945169695000004,3.345378566120925
llama3.2:3b,1,40,3b,3.7176733249998506,0.846501261999947,4.391810729515585
llama3.2:3b,1,42,3b,3.7576737880008295,0.8531861310002569,4.404283721297033
llama3.2:3b,1,44,3b,3.0144891159998224,0.8482212789986079,3.553894709595902
llama3.2:3b,1,46,3b,3.4776761820012325,0.8660180289989512,4.015708756111178
llama3.2:3b,1,48,3b,3.277222280999922,0.791854537999825,4.138667045184815
llama3.2:3b,1,50,3b,4.214469278000252,0.7343430769997212,5.739101259344823
llama3.2:3b,1,52,3b,3.609273641000982,0.6733622620013193,5.36007710065865
llama3.2:3b,1,54,3b,3.5647288320014923,0.6924418819999119,5.148054912140548
llama3.2:3b,1,56,3b,4.185155682998811,0.8175010819995805,5.119449717133168
llama3.2:3b,1,58,3b,3.6934068680002383,0.7484731509994162,4.934588318991176
llama3.2:3b,1,60,3b,3.530762546000915,0.7583163590006734,4.656054830010307
llama3.2:3b,1,62,3b,3.6689466040006655,0.8429060809994553,4.352734766903451
llama3.2:3b,1,64,3b,2.9618626540013797,0.6605300999999599,4.484069165056308
llama3.2:3b,1,66,3b,3.679364322000765,0.7571605690009164,4.859424107168887
llama3.2:3b,1,68,3b,3.553227104999678,0.8048766209994938,4.414623325233736
llama3.2:3b,1,70,3b,3.756278894999923,0.9553370640005596,3.9318885831458985
llama3.2:3b,1,72,3b,3.9100863210005623,0.7852626889998646,4.979335419565867
llama3.2:3b,1,74,3b,3.477099638001164,0.6599082990014722,5.269064873502079
llama3.2:3b,1,76,3b,3.408871566000016,0.774890584001696,4.39916503875411
llama3.2:3b,1,78,3b,3.4883660600007715,0.7563382939988514,4.612176968532641
llama3.2:3b,1,80,3b,3.466009222000139,0.5119159030000446,6.770661356070113
llama3.2:3b,1,82,3b,4.215431988999626,0.8390292010008125,5.0241779236901
llama3.2:3b,1,84,3b,3.669907337000041,0.8395990540011553,4.371023668393737
llama3.2:3b,1,86,3b,3.9909993629989913,0.8239232100004301,4.843897240128613
llama3.2:3b,1,88,3b,3.909296178999284,0.8356585849996918,4.678102097162953
llama3.2:3b,1,90,3b,3.022702082000251,0.8243466059993807,3.6667853788707436
llama3.2:3b,1,92,3b,3.697371969999949,0.7452475270001742,4.961267010013286
llama3.2:3b,1,94,3b,3.9912027020000096,0.848140918998979,4.7058249550212
llama3.2:3b,1,96,3b,4.031279726999856,0.8520815789997869,4.731095972913721
llama3.2:3b,1,98,3b,3.5551211399997555,0.8499910190002993,4.182539651043658
llama3.2:3b,2,10,3b,1.6239121529997649,0.6533958519994485,2.4853419990813403
llama3.2:3b,2,12,3b,0.9894432370001596,0.7690051030003815,1.2866536686683974
llama3.2:3b,2,14,3b,1.3259795970006962,0.3820088840002427,3.4710700523913833
llama3.2:3b,2,16,3b,3.0005220689999987,0.7052924349991372,4.254294984751494
llama3.2:3b,2,18,3b,3.041056458001549,0.4309738749998359,7.056243160917136
llama3.2:3b,2,20,3b,2.8849937630002387,0.6994243720000668,4.124811600073843
llama3.2:3b,2,22,3b,3.2712717429985787,0.6575072220002767,4.975263591853295
llama3.2:3b,2,24,3b,2.9398669879992667,1.220709982999324,2.4083255064203852
llama3.2:3b,2,26,3b,3.256734790998962,0.6672865399996226,4.880564189112527
llama3.2:3b,2,28,3b,2.748944135000784,0.5914094449999538,4.648123492517098
llama3.2:3b,2,30,3b,3.3694850279989623,0.7969046560010611,4.228216013829484
llama3.2:3b,2,32,3b,2.674422281999796,0.7496413200005918,3.567602546238626
llama3.2:3b,2,34,3b,3.5350998989997606,0.7360320879997744,4.802915466099685
llama3.2:3b,2,36,3b,3.509387763000632,0.6663753590000852,5.2663828510504445
llama3.2:3b,2,38,3b,6.674784676000854,0.7468737210001564,8.93696549807977
llama3.2:3b,2,40,3b,3.240055444999598,0.787760339999295,4.112996403198589
llama3.2:3b,2,42,3b,3.536452447999181,0.8434076679986902,4.193052283234249
llama3.2:3b,2,44,3b,6.839585916999567,0.7196576100013772,9.503944406266307
llama3.2:3b,2,46,3b,3.984192253999936,0.8316278589991271,4.790835481142916
llama3.2:3b,2,48,3b,2.7153043079997587,0.727383376999569,3.7329754760141673
llama3.2:3b,2,50,3b,3.2980267470011317,0.5779547530000855,5.706375334542225
llama3.2:3b,2,52,3b,2.713719482999295,0.7965578780003852,3.406807663256809
llama3.2:3b,2,54,3b,3.873353242001031,0.6811084310011211,5.686837903779605
llama3.2:3b,2,56,3b,3.6205516579993855,0.6765877319994615,5.351193181259554
llama3.2:3b,2,58,3b,3.6099263229989447,0.8097658660008165,4.457987764818065
llama3.2:3b,2,60,3b,3.387757897000484,0.803640281999833,4.215515290709616
llama3.2:3b,2,62,3b,3.424062131000028,0.8508850979997078,4.024118108366735
llama3.2:3b,2,64,3b,3.365493343000708,0.6385322570004064,5.2706708331550525
llama3.2:3b,2,66,3b,3.593971480999244,0.8431983459995536,4.262308504339911
llama3.2:3b,2,68,3b,3.494076132999908,0.7592205890014156,4.602188327895035
llama3.2:3b,2,70,3b,3.9929387400006817,0.7472270380003465,5.343675398425331
llama3.2:3b,2,72,3b,3.5068054549992667,0.7660718189999898,4.577645813387261
llama3.2:3b,2,74,3b,3.1720455619997665,0.8831559649988776,3.591716172130251
llama3.2:3b,2,76,3b,3.727051948000735,1.016209887999139,3.667600553798088
llama3.2:3b,2,78,3b,3.156349726001281,0.8060480970016215,3.9158329853298213
llama3.2:3b,2,80,3b,3.1616910379998444,0.7238374119988293,4.367957479938821
llama3.2:3b,2,82,3b,3.413208581998333,0.7263481259997207,4.699135937468704
llama3.2:3b,2,84,3b,3.183129155999268,0.7746383720004815,4.109180839801323
llama3.2:3b,2,86,3b,3.18873861999964,1.340540212999258,2.378696729183017
llama3.2:3b,2,88,3b,2.7704990210004325,0.8252200970000558,3.3572849607905817
llama3.2:3b,2,90,3b,2.753716527000506,1.6430864150006528,1.6759413880245684
llama3.2:3b,2,92,3b,3.27917192699897,0.827676420998614,3.9619008634347224
llama3.2:3b,2,94,3b,3.731066369000473,0.8676849120001862,4.300024487460112
llama3.2:3b,2,96,3b,5.8225157799988665,0.8746296469998924,6.657121445598085
llama3.2:3b,2,98,3b,3.5170116249992134,0.8461407590002636,4.156532571666504
llama3.2:3b,3,10,3b,1.6327847109987488,0.6373929700002918,2.5616609969796205
llama3.2:3b,3,12,3b,3.573726754000745,0.7555316269990726,4.7300822709373245
llama3.2:3b,3,14,3b,1.0356981420009106,0.3814947780010698,2.7148422513872688
llama3.2:3b,3,16,3b,2.1879148539992457,0.5152906120001717,4.245982370038825
llama3.2:3b,3,18,3b,5.70419472300091,0.7647134059989185,7.459258172085684
llama3.2:3b,3,20,3b,3.0564143039991905,0.7071393320002244,4.322223592560992
llama3.2:3b,3,22,3b,3.272475320998637,1.447877693999544,2.2601876764596858
llama3.2:3b,3,24,3b,3.2390352160000475,0.548741605000032,5.902660170992244
llama3.2:3b,3,26,3b,2.2427620589987782,0.6574700279998069,3.4112004555125317
llama3.2:3b,3,28,3b,2.9582424740001443,0.6946167090009112,4.258812717383485
llama3.2:3b,3,30,3b,2.4532302740008163,0.6528714020005282,3.757601062756968
llama3.2:3b,3,32,3b,6.621375826000076,0.9615731829999276,6.8859822040196965
llama3.2:3b,3,34,3b,3.779121679999662,0.7925077920008334,4.768560912768524
llama3.2:3b,3,36,3b,3.5586860760013224,0.7659768789999362,4.6459445102932655
llama3.2:3b,3,38,3b,3.590966846999436,0.6566779439999664,5.4683835201256885
llama3.2:3b,3,40,3b,3.521147915998881,0.9127406670013444,3.857774769220067
llama3.2:3b,3,42,3b,3.300573043999975,0.7325656760003767,4.505497803309963
llama3.2:3b,3,44,3b,3.7753632879994257,0.7281867069996224,5.184608908277398
llama3.2:3b,3,46,3b,3.0355101749992173,0.6718205110009876,4.518335069104127
llama3.2:3b,3,48,3b,3.1035458490005112,0.8510232080006972,3.646840438454845
llama3.2:3b,3,50,3b,2.63877459700052,1.0748289359999037,2.4550647164571275
llama3.2:3b,3,52,3b,2.719636788999196,0.8060146640000312,3.37417780403942
llama3.2:3b,3,54,3b,3.359464843999376,0.8584077669984254,3.9136002412307374
llama3.2:3b,3,56,3b,6.946800230998633,0.7364386299996113,9.43296555614186
llama3.2:3b,3,58,3b,2.6854951019995497,0.7559019419986726,3.5527030065551357
llama3.2:3b,3,60,3b,3.3041177970007998,0.7980065799984004,4.140464351819533
llama3.2:3b,3,62,3b,3.4322263509984623,0.9378645659999164,3.65961832382392
llama3.2:3b,3,64,3b,2.7253381529990293,0.7386247960002947,3.6897463607462506
llama3.2:3b,3,66,3b,3.4117719249989023,0.8099593110000569,4.21227570158603
llama3.2:3b,3,68,3b,3.4863702900001954,0.8074224190004315,4.3179012719466385
llama3.2:3b,3,70,3b,2.1497191119997296,0.8115851980001025,2.6487904378949234
llama3.2:3b,3,72,3b,3.9265135709993046,0.8181599990002724,4.799200126866625
llama3.2:3b,3,74,3b,7.0740807370002585,0.7498817809992033,9.433594622840655
llama3.2:3b,3,76,3b,3.9681309219995455,0.8096095609998883,4.9012896007537305
llama3.2:3b,3,78,3b,3.255987336999169,0.8056919660011772,4.041230984540327
llama3.2:3b,3,80,3b,3.316174923998915,0.5094674069987377,6.509101226974332
llama3.2:3b,3,82,3b,4.007223423001051,0.8285198270004912,4.836605344145464
llama3.2:3b,3,84,3b,2.77032724899982,0.8196328969988826,3.37996102784976
llama3.2:3b,3,86,3b,3.2733537460007938,0.8221410719997948,3.981498866172217
llama3.2:3b,3,88,3b,3.1069193059993268,0.8763598639998236,3.54525513277038
llama3.2:3b,3,90,3b,2.1229737009998644,0.7714592559987068,2.7518934856145183
llama3.2:3b,3,92,3b,3.5159327580004174,0.850904229999287,4.131995862805105
llama3.2:3b,3,94,3b,3.626918759999171,0.8191909969991684,4.427439721975915
llama3.2:3b,3,96,3b,3.4233196199984377,0.8168087499998364,4.191090778593059
llama3.2:3b,3,98,3b,3.4887572239986184,0.8424804869991931,4.141054039631377
llama3.2:3b,4,10,3b,1.7259929920001014,0.450227535000522,3.8336015854696677
llama3.2:3b,4,12,3b,3.1017436450001696,0.7706668259997969,4.024753032513414
llama3.2:3b,4,14,3b,1.321825656999863,0.5520196510005917,2.394526453186802
llama3.2:3b,4,16,3b,2.167411410000568,0.6098929640011193,3.5537570326792465
llama3.2:3b,4,18,3b,2.5817080850010825,0.7761669680003251,3.326227720889046
llama3.2:3b,4,20,3b,2.956098013999508,0.8509551400002238,3.4738588146946627
llama3.2:3b,4,22,3b,2.103772552000009,0.7863112129998626,2.675496059599466
llama3.2:3b,4,24,3b,3.131888230000186,0.6880970019992674,4.551521400181192
llama3.2:3b,4,26,3b,2.6073000179985684,0.7307677039989358,3.5678916894257897
llama3.2:3b,4,28,3b,2.9334362239987968,0.623299915001553,4.7062997337188595
llama3.2:3b,4,30,3b,3.3936218340004416,0.7597818920003192,4.466573722974456
llama3.2:3b,4,32,3b,3.458088579000105,0.7614566829997784,4.541412080562318
llama3.2:3b,4,34,3b,3.0608506850003323,0.7167249220001395,4.270607301415614
llama3.2:3b,4,36,3b,3.54214848599986,0.746672111999942,4.743914268489695
llama3.2:3b,4,38,3b,2.6206824780001625,0.6191727509994962,4.232554604138732
llama3.2:3b,4,40,3b,2.3553231829992,0.7726423580006667,3.0484002832746167
llama3.2:3b,4,42,3b,2.459687305999978,0.7754946590011969,3.1717656304273554
llama3.2:3b,4,44,3b,3.5697592630003783,0.6901004619994637,5.17281100299155
llama3.2:3b,4,46,3b,3.6511170379999385,0.7731690969994816,4.722274923000947
llama3.2:3b,4,48,3b,5.123063180000827,0.7921402390002186,6.467368942735168
llama3.2:3b,4,50,3b,3.055191918001583,0.754963596999005,4.046806932342209
llama3.2:3b,4,52,3b,2.822173075999672,0.7898078440011886,3.573240120916582
llama3.2:3b,4,54,3b,3.697830035000152,0.7952204779994645,4.650068927177001
llama3.2:3b,4,56,3b,3.3930858160001662,0.6711168490001,5.055879346578081
llama3.2:3b,4,58,3b,3.440167091999683,0.7993293660001655,4.303816722278374
llama3.2:3b,4,60,3b,3.513413966000371,0.7479785790001188,4.697212012003105
llama3.2:3b,4,62,3b,2.752842251000402,0.8027752480011259,3.429156862839076
llama3.2:3b,4,64,3b,3.2544344649995764,0.8212179160000233,3.9629365136737764
llama3.2:3b,4,66,3b,3.4512668600000325,0.7557861449986376,4.566459550546873
llama3.2:3b,4,68,3b,3.620039668998288,0.8014677470000606,4.516762755018281
llama3.2:3b,4,70,3b,2.1508014039991394,0.8828730269997322,2.4361389896667345
llama3.2:3b,4,72,3b,3.635008305000156,0.8352508320003835,4.351996030096126
llama3.2:3b,4,74,3b,3.675613969999176,1.660169404998669,2.2139993418335058
llama3.2:3b,4,76,3b,7.177134474999548,0.6976393579989235,10.287743076288168
llama3.2:3b,4,78,3b,7.108693680000215,1.696660282999801,4.18981557547372
llama3.2:3b,4,80,3b,3.2361965920008515,0.8947649199999432,3.616812103005845
llama3.2:3b,4,82,3b,3.9672219250005583,0.811025482000332,4.891611932113046
llama3.2:3b,4,84,3b,2.8040942050010926,0.8283878319998621,3.3850016824022586
llama3.2:3b,4,86,3b,2.839540596000006,0.7517813819995354,3.7770828913687584
llama3.2:3b,4,88,3b,2.8045643019995623,0.833070692999172,3.3665381888573407
llama3.2:3b,4,90,3b,5.146744898000179,0.6679345789998479,7.7054625704613375
llama3.2:3b,4,92,3b,3.456476545999976,0.883657647000291,3.9115561979614006
llama3.2:3b,4,94,3b,3.558329232000688,0.8506042150002031,4.183296025637303
llama3.2:3b,4,96,3b,3.4646709259995987,0.513775526000245,6.743549956480306
llama3.2:3b,4,98,3b,3.230921438000223,0.8385333030000766,3.8530627542647857
llama3.2:3b,5,10,3b,1.6443829449999612,0.6735055289991578,2.4415285015455566
llama3.2:3b,5,12,3b,2.7057409829994867,0.8128093750001426,3.3288752150515144
llama3.2:3b,5,14,3b,1.2245408020007744,0.2851143099996989,4.294911756628657
llama3.2:3b,5,16,3b,3.152488648000144,0.5490792779983167,5.741408889974188
llama3.2:3b,5,18,3b,3.1653034659993864,0.7802117819992418,4.056979834229756
llama3.2:3b,5,20,3b,2.848164414999701,0.7990035509992595,3.5646455030615263
llama3.2:3b,5,22,3b,3.4568678600007843,0.5486380429993005,6.30081691218994
llama3.2:3b,5,24,3b,3.4902316380012053,0.5538049610004236,6.302275862058475
llama3.2:3b,5,26,3b,3.2790793309995934,0.710480990999713,4.615294951643426
llama3.2:3b,5,28,3b,5.374141217000215,0.779881677000958,6.890969970812141
llama3.2:3b,5,30,3b,3.254994576000172,0.7404473140013579,4.395984041606237
llama3.2:3b,5,32,3b,6.70185761600078,0.7098182720001205,9.441652716428864
llama3.2:3b,5,34,3b,3.136860335000165,0.9012414289991284,3.4805993533650557
llama3.2:3b,5,36,3b,2.1599867469994933,0.6598949199997151,3.273228330050527
llama3.2:3b,5,38,3b,3.509534550999888,0.6577148160013166,5.335951791897695
llama3.2:3b,5,40,3b,3.2329843799998343,0.5733881090000068,5.6383875585389855
llama3.2:3b,5,42,3b,2.325176284999543,0.7737934440010577,3.0049056411963666
llama3.2:3b,5,44,3b,2.819598041000063,0.7754049649993249,3.6362909296080117
llama3.2:3b,5,46,3b,3.295915213000626,0.8424369280000974,3.9123584252472905
llama3.2:3b,5,48,3b,3.655337717000293,0.6485696970012214,5.635998311209119
llama3.2:3b,5,50,3b,3.015263094999682,0.720110279000437,4.187224072381075
llama3.2:3b,5,52,3b,3.0813153550006973,0.8024816600009217,3.8397330538334775
llama3.2:3b,5,54,3b,3.379358062000392,0.6752865510006814,5.0043319491446265
llama3.2:3b,5,56,3b,3.1983399239998107,0.7760101200001372,4.121518317311693
llama3.2:3b,5,58,3b,3.5001217869994434,0.7397749600004317,4.731333143524351
llama3.2:3b,5,60,3b,3.659165674000178,0.8017925429994648,4.5637312369000425
llama3.2:3b,5,62,3b,3.393377372000032,0.8201316710001265,4.137600695095591
llama3.2:3b,5,64,3b,3.7878674139992654,0.8156120160001592,4.644202561624014
llama3.2:3b,5,66,3b,3.360144168000261,0.8739139549998072,3.844937077359066
llama3.2:3b,5,68,3b,3.1280366600003617,0.90337173899934,3.4626239951509565
llama3.2:3b,5,70,3b,3.842616556999928,0.8061485220005125,4.766635988445669
llama3.2:3b,5,72,3b,4.200897423999777,0.8143118309999409,5.158831376478038
llama3.2:3b,5,74,3b,3.021952246001092,0.6371398259998386,4.742996941462356
llama3.2:3b,5,76,3b,3.4092711089997465,0.8161852560006082,4.177079999834261
llama3.2:3b,5,78,3b,3.5264392499993846,0.7705541270006506,4.576497777937937
llama3.2:3b,5,80,3b,3.678069284998856,0.8046933519999584,4.570771307924321
llama3.2:3b,5,82,3b,2.79160324500117,0.7703939490002085,3.623604843501197
llama3.2:3b,5,84,3b,3.502076219001537,0.7931602080006996,4.415345328315371
llama3.2:3b,5,86,3b,1.9809983229988573,0.82693234099861,2.3955990409161987
llama3.2:3b,5,88,3b,3.838066586999048,0.8093201150004461,4.742334356779125
llama3.2:3b,5,90,3b,3.2506908150007803,0.7815529319996131,4.159271473377813
llama3.2:3b,5,92,3b,3.8195011030002206,0.7804978849999316,4.893672585673381
llama3.2:3b,5,94,3b,3.84083773599923,0.7915085009990435,4.852553991714957
llama3.2:3b,5,96,3b,3.465992429000835,0.5040128040000127,6.876794401835767
llama3.2:3b,5,98,3b,3.608092211999974,0.8424904070016055,4.28265079580081
phi3:3.8b,1,10,8b,7.719389939999019,1.2770405279989063,6.044749380111788
phi3:3.8b,1,12,8b,5.531237987999703,0.2588201739999931,21.370969281551645
phi3:3.8b,1,14,8b,1.9761283030002232,1.5432886370017511,1.2804657894970175
phi3:3.8b,1,16,8b,2.7650108419984463,1.6965045439992537,1.6298281379667574
phi3:3.8b,1,18,8b,10.156772492999153,0.4137953039989952,24.54540299235444
phi3:3.8b,1,20,8b,10.720581886998843,1.034967093999512,10.358379458781034
phi3:3.8b,1,22,8b,7.76356527399912,2.2987055690009583,3.3773639298108313
phi3:3.8b,1,24,8b,10.51076218200069,1.4488707090004027,7.254451426692324
phi3:3.8b,1,26,8b,8.213493495000876,1.330899334001515,6.171385983270412
phi3:3.8b,1,28,8b,9.647437249999712,0.7741135919986846,12.462560210434988
phi3:3.8b,1,30,8b,5.560208347998923,0.3478519679993042,15.98440963257694
phi3:3.8b,1,32,8b,9.554335287999493,1.466200849001325,6.51638913898273
phi3:3.8b,1,34,8b,4.73187279800004,1.4766527089996089,3.204458820385568
phi3:3.8b,1,36,8b,9.587664859998767,1.4617286090015114,6.559127871587587
phi3:3.8b,1,38,8b,5.945764742000392,0.5229144929999165,11.370434022377232
phi3:3.8b,1,40,8b,9.55897942699994,1.439190913000857,6.641912021990544
phi3:3.8b,1,42,8b,7.568253972000093,1.5110372610015474,5.008648143450609
phi3:3.8b,1,44,8b,6.262231607001013,1.557215904998884,4.0214279772627295
phi3:3.8b,1,46,8b,9.592347702000552,1.503773355998419,6.378852014991172
phi3:3.8b,1,48,8b,9.460911078998834,1.032349458999306,9.164446202325363
phi3:3.8b,1,50,8b,9.633229102999394,1.4434530870003073,6.67373895955189
phi3:3.8b,1,52,8b,1.853251672000624,1.571049515001505,1.1796265199183418
phi3:3.8b,1,54,8b,9.609349261998432,1.0903178970002043,8.813346353789726
phi3:3.8b,1,56,8b,9.584791507000771,1.4937272269999085,6.416694650636745
phi3:3.8b,1,58,8b,9.643938432998766,1.5070089340006234,6.399390352250411
phi3:3.8b,1,60,8b,9.5673154039996,1.4666542850009137,6.523224662991143
phi3:3.8b,1,62,8b,2.693403748000492,0.9756727599997248,2.7605605674603972
phi3:3.8b,1,64,8b,6.87912303200028,1.4782026800003225,4.653707590354781
phi3:3.8b,1,66,8b,9.740292034999584,1.5011698550006258,6.4884676457851755
phi3:3.8b,1,68,8b,9.77069077499982,0.8762360849996185,11.150751426773386
phi3:3.8b,1,70,8b,9.72120712800097,1.5059566799991444,6.455170495346847
phi3:3.8b,1,72,8b,9.776572566999675,0.4347428399996715,22.488173852402177
phi3:3.8b,1,74,8b,7.816021511000144,1.524462928999128,5.127065645428112
phi3:3.8b,1,76,8b,9.730576767000455,0.9804130360007548,9.924976932878078
phi3:3.8b,1,78,8b,9.862528428999212,1.4438966939997044,6.830494501430883
phi3:3.8b,1,80,8b,9.776253844998791,1.5440646600000036,6.331505472703953
phi3:3.8b,1,82,8b,9.913157578999744,1.5469798750000336,6.408071455357186
phi3:3.8b,1,84,8b,9.583716032000666,1.557792306999545,6.1521141097813015
phi3:3.8b,1,86,8b,9.94271663699874,1.570527376999962,6.330813956259345
phi3:3.8b,1,88,8b,9.957680936999168,1.5587109120006062,6.3884077928334255
phi3:3.8b,1,90,8b,10.027610547000222,1.2526654670000426,8.00501874695639
phi3:3.8b,1,92,8b,1.9360631770014152,1.5690003620002244,1.2339469281786808
phi3:3.8b,1,94,8b,9.878425941000389,1.5636180060009792,6.3176721571945125
phi3:3.8b,1,96,8b,10.031042481999975,1.5541225460001442,6.454473302518477
phi3:3.8b,1,98,8b,9.945021052999437,1.5713832870005715,6.328832141254548
phi3:3.8b,2,10,8b,7.137266196001292,1.4230593070005852,5.015438331270024
phi3:3.8b,2,12,8b,2.112648991000242,0.20869403100005,10.123188386733188
phi3:3.8b,2,14,8b,1.806583404999401,1.2683722790006868,1.4243321419975805
phi3:3.8b,2,16,8b,8.729108154999267,1.8271316829996067,4.777492632971406
phi3:3.8b,2,18,8b,9.7978674269998,0.4902065009991929,19.98722458194395
phi3:3.8b,2,20,8b,9.90253910499996,1.717020826999942,5.767279551467138
phi3:3.8b,2,22,8b,10.020455033998587,1.8189324459999625,5.508975913885476
phi3:3.8b,2,24,8b,9.877483263000611,1.6311160850000306,6.0556592837476835
phi3:3.8b,2,26,8b,9.557411440000578,1.629596466998919,5.864894551226907
phi3:3.8b,2,28,8b,9.16706733799947,0.9630395349995524,9.518889936334473
phi3:3.8b,2,30,8b,9.112474210000071,0.923198266998952,9.87054951870963
phi3:3.8b,2,32,8b,3.348598586999288,1.2403887689997646,2.6996363323247112
phi3:3.8b,2,34,8b,9.033479216999694,1.4416690660000313,6.265986716399101
phi3:3.8b,2,36,8b,9.025273250999817,1.4608694790003938,6.178014792379261
phi3:3.8b,2,38,8b,6.673280884000633,1.4745456399996328,4.525652311448491
phi3:3.8b,2,40,8b,6.041675782000311,1.4700636920006218,4.109805455965071
phi3:3.8b,2,42,8b,9.108593404000205,1.520439248000912,5.990764455716511
phi3:3.8b,2,44,8b,9.079364323000846,0.2401838979985768,37.80171942689782
phi3:3.8b,2,46,8b,9.17039489400122,1.706478899999638,5.373869488807136
phi3:3.8b,2,48,8b,5.464804199000355,1.479015047001667,3.6948942541719765
phi3:3.8b,2,50,8b,4.025328036999781,1.175086110999473,3.4255600498724523
phi3:3.8b,2,52,8b,9.119391678001191,1.4094805599997926,6.4700372156977695
phi3:3.8b,2,54,8b,9.133897331001208,1.4849754759998175,6.15087419194681
phi3:3.8b,2,56,8b,9.150110927999776,1.463883211999928,6.250574398963888
phi3:3.8b,2,58,8b,9.221803680999074,1.4567108179999195,6.330565797308154
phi3:3.8b,2,60,8b,9.203729655000645,1.5160407989988016,6.070898396058219
phi3:3.8b,2,62,8b,9.209840235000229,1.5176710400010052,6.068403489463783
phi3:3.8b,2,64,8b,9.17058708300101,1.4776112229992575,6.206359927604325
phi3:3.8b,2,66,8b,6.142401471999619,1.4823360110003705,4.143730858872107
phi3:3.8b,2,68,8b,9.27476208400003,1.526727641999969,6.07492903701564
phi3:3.8b,2,70,8b,9.191649434998908,1.505845898998814,6.103977466160465
phi3:3.8b,2,72,8b,8.846166239000013,1.1895069310012332,7.436834547533075
phi3:3.8b,2,74,8b,9.30461485900014,1.5105535680013418,6.159738427092891
phi3:3.8b,2,76,8b,4.967074091000541,1.5223976710003626,3.262665324321399
phi3:3.8b,2,78,8b,9.438295571000708,1.2187919580010202,7.743975917334374
phi3:3.8b,2,80,8b,9.366139096000552,0.8412890489998972,11.133080963237044
phi3:3.8b,2,82,8b,9.462206330999834,1.5293173650006793,6.187209108814135
phi3:3.8b,2,84,8b,9.442996005000168,1.5482317179994425,6.099213635283222
phi3:3.8b,2,86,8b,8.74451709799905,1.549308502999338,5.644141938852308
phi3:3.8b,2,88,8b,9.571715062000294,1.630299919999743,5.871137540141572
phi3:3.8b,2,90,8b,9.548555667999608,1.290536553999118,7.398903687315573
phi3:3.8b,2,92,8b,6.1203679249993,0.8234981400000834,7.432157557755602
phi3:3.8b,2,94,8b,9.544973023001148,1.1096521859999484,8.60177012529365
phi3:3.8b,2,96,8b,9.527602918999037,1.5448775900003966,6.1672219084986475
phi3:3.8b,2,98,8b,6.014812478999374,1.5535674749989994,3.8716132873490086
phi3:3.8b,3,10,8b,10.407073047001177,1.1238326450002205,9.26034057944556
phi3:3.8b,3,12,8b,2.5871256059999723,0.178111944000193,14.52527858545617
phi3:3.8b,3,14,8b,10.11953141399863,0.975460486000884,10.374106956895698
phi3:3.8b,3,16,8b,8.355688817000555,0.3609732490003807,23.14766770152473
phi3:3.8b,3,18,8b,8.272880098000314,0.725983021000502,11.395418155371148
phi3:3.8b,3,20,8b,2.7654374270005064,1.8292450119988644,1.511791700324846
phi3:3.8b,3,22,8b,2.5597568869998213,0.866403588999674,2.954462469338622
phi3:3.8b,3,24,8b,9.85774652100008,1.7735777660000167,5.558113498024076
phi3:3.8b,3,26,8b,9.325528552999458,1.537944157000311,6.063632746710693
phi3:3.8b,3,28,8b,9.204999087998658,1.436420261999956,6.4082910353703575
phi3:3.8b,3,30,8b,3.733606065001368,1.4573434550002276,2.561925984016434
phi3:3.8b,3,32,8b,9.05200544499894,0.635523798999202,14.243377603252128
phi3:3.8b,3,34,8b,3.3561635210007807,1.487245430000257,2.2566305824857706
phi3:3.8b,3,36,8b,1.1306401029996778,1.4439009439993242,0.7830454766987166
phi3:3.8b,3,38,8b,5.841014683999674,1.4586992799995642,4.00426240287266
phi3:3.8b,3,40,8b,7.691038398001183,1.4300010589995509,5.378344547088617
phi3:3.8b,3,42,8b,9.113267766999344,0.2287378379987785,39.841540196108745
phi3:3.8b,3,44,8b,6.8002882990003855,0.6983014260003984,9.738327956667392
phi3:3.8b,3,46,8b,9.0799877999998,1.447998915999051,6.270714501008475
phi3:3.8b,3,48,8b,6.179653389001032,1.4915561039997556,4.143091481728162
phi3:3.8b,3,50,8b,9.20124680599838,1.6495615869989706,5.577995316160404
phi3:3.8b,3,52,8b,9.1930931170009,0.8049000379996869,11.421409719208482
phi3:3.8b,3,54,8b,9.047660545000326,1.5044765669990738,6.013826166164471
phi3:3.8b,3,56,8b,4.221403143999851,1.475466169998981,2.8610640012185207
phi3:3.8b,3,58,8b,9.222255565999149,1.4875873129985848,6.1994717791788005
phi3:3.8b,3,60,8b,9.198691630001122,0.2005323749999661,45.871354338683105
phi3:3.8b,3,62,8b,9.133103525999104,1.4717961300011666,6.205413467143622
phi3:3.8b,3,64,8b,9.286198193998644,1.503098109000348,6.178038637926657
phi3:3.8b,3,66,8b,6.098271159000433,1.5289861759993073,3.988441004062548
phi3:3.8b,3,68,8b,9.197788080000464,0.8467650940001477,10.862266459933764
phi3:3.8b,3,70,8b,9.309426036999866,1.498994010999013,6.21044912033741
phi3:3.8b,3,72,8b,9.29477600700011,1.5563410650011065,5.972197364716776
phi3:3.8b,3,74,8b,9.264726370000062,1.5054312810007104,6.154200784137745
phi3:3.8b,3,76,8b,9.450297736999346,1.7242368469997018,5.480858243717245
phi3:3.8b,3,78,8b,9.350860874001228,1.5143504949992348,6.174832645995835
phi3:3.8b,3,80,8b,9.470700668000063,1.52625877599894,6.205173602884915
phi3:3.8b,3,82,8b,6.598456432999228,1.3920780110001942,4.740004784831205
phi3:3.8b,3,84,8b,9.48834369099859,1.539252951999515,6.164252391832723
phi3:3.8b,3,86,8b,9.477765454999826,1.326669457999742,7.144029281634121
phi3:3.8b,3,88,8b,9.51574107200031,1.561012751000817,6.095876581340834
phi3:3.8b,3,90,8b,9.54836204699859,1.5766499630008184,6.056107741775043
phi3:3.8b,3,92,8b,7.684028485000454,1.57364199299991,4.882958461442693
phi3:3.8b,3,94,8b,9.530347121999512,1.5467736029986554,6.161436362453747
phi3:3.8b,3,96,8b,9.421490365000864,1.067169580001064,8.828484752152951
phi3:3.8b,3,98,8b,9.476569619999282,1.5974517399990873,5.932304170894512
phi3:3.8b,4,10,8b,5.848819445000117,1.1289112850008678,5.180938061927179
phi3:3.8b,4,12,8b,1.0475347680003324,0.1719466260001354,6.092208916035999
phi3:3.8b,4,14,8b,5.147393614999601,0.8913062619994889,5.775112140974223
phi3:3.8b,4,16,8b,10.34903746800046,0.5296208759991714,19.54046363538104
phi3:3.8b,4,18,8b,6.448299073999806,0.7505459120002342,8.591478510374984
phi3:3.8b,4,20,8b,3.683952642999429,1.6961310469996531,2.171974063864997
phi3:3.8b,4,22,8b,10.449739575000422,1.833969312998306,5.697881366355269
phi3:3.8b,4,24,8b,5.877980016000947,1.6832130290003988,3.492118890911671
phi3:3.8b,4,26,8b,9.239633811001111,1.4894629859991255,6.203332273344949
phi3:3.8b,4,28,8b,9.107365443000162,1.164370466998662,7.821707696241859
phi3:3.8b,4,30,8b,9.097131454000191,0.2639631700003519,34.463639203863416
phi3:3.8b,4,32,8b,9.069343654000477,1.4358136110004125,6.316518790820873
phi3:3.8b,4,34,8b,9.081149805000678,0.7944629020003049,11.430552367059667
phi3:3.8b,4,36,8b,5.107148279001194,1.2228496280004038,4.176431968460727
phi3:3.8b,4,38,8b,9.122086327999568,1.173693650000132,7.772118668273055
phi3:3.8b,4,40,8b,9.115392030000294,0.7195598749985948,12.668010469619496
phi3:3.8b,4,42,8b,9.075060406001285,1.5600634509992233,5.81710981062257
phi3:3.8b,4,44,8b,9.098642418999589,1.514841920001345,6.006331287024002
phi3:3.8b,4,46,8b,9.081311881000149,1.417262146000212,6.407644419650499
phi3:3.8b,4,48,8b,9.038207998999496,1.0439717350000135,8.657521746984251
phi3:3.8b,4,50,8b,9.152060162001362,1.4819094329996003,6.17585660648388
phi3:3.8b,4,52,8b,9.09778415600158,1.4332962920016143,6.347455307580837
phi3:3.8b,4,54,8b,9.106709057001352,1.45411581100052,6.262712356270566
phi3:3.8b,4,56,8b,4.7391612399987935,1.486156352000762,3.188871233917361
phi3:3.8b,4,58,8b,9.201963929999692,1.5200997239990102,6.053526479033612
phi3:3.8b,4,60,8b,9.136815613999715,1.459886867000023,6.2585778532108485
phi3:3.8b,4,62,8b,9.182208829000956,1.4634359960000438,6.274417777134328
phi3:3.8b,4,64,8b,9.240266516999329,1.5351912310015905,6.018967754897081
phi3:3.8b,4,66,8b,9.409140492000006,1.4862940530001651,6.330604951965693
phi3:3.8b,4,68,8b,9.203748625999651,1.484093716000643,6.201595308146742
phi3:3.8b,4,70,8b,9.293055837000791,1.499576842999886,6.197118794132711
phi3:3.8b,4,72,8b,9.299415735000366,0.8856470399987302,10.500137543522643
phi3:3.8b,4,74,8b,9.277367181000956,0.8773930970000947,10.573786382319755
phi3:3.8b,4,76,8b,9.348026843999833,1.5204857839999022,6.148052775217814
phi3:3.8b,4,78,8b,7.99458042399965,1.5194133179993514,5.261623239242308
phi3:3.8b,4,80,8b,9.461758080000436,1.5244038679993537,6.206857827262118
phi3:3.8b,4,82,8b,9.51516851499946,1.5343348759997752,6.201493991850612
phi3:3.8b,4,84,8b,4.515849325998715,1.5389910350004357,2.9342921584968407
phi3:3.8b,4,86,8b,9.45621781200134,1.3735922679989017,6.884297496649057
phi3:3.8b,4,88,8b,9.46681359699869,1.1911609819999285,7.947551791953558
phi3:3.8b,4,90,8b,9.440298039999108,1.0544484069996545,8.952830671782884
phi3:3.8b,4,92,8b,9.576869336999152,1.5648953300005817,6.119814631305464
phi3:3.8b,4,94,8b,8.212198469000214,0.8421534410008462,9.751427791164202
phi3:3.8b,4,96,8b,9.505686860000424,1.57649773599951,6.029622905848168
phi3:3.8b,4,98,8b,9.417141450001507,1.5685234950015,6.003825559522461
phi3:3.8b,5,10,8b,5.108608092001305,1.1800755269996444,4.3290518065314005
phi3:3.8b,5,12,8b,9.966001921000498,0.1987394620009581,50.14606470531984
phi3:3.8b,5,14,8b,4.9797402339991095,0.4545254099994054,10.955911648604253
phi3:3.8b,5,16,8b,5.767531303999931,1.7812188530006097,3.2379689302547243
phi3:3.8b,5,18,8b,4.873976582999603,1.604795427998397,3.0371326450491805
phi3:3.8b,5,20,8b,3.1366052869998384,1.371807629999239,2.2864760469378482
phi3:3.8b,5,22,8b,10.989171481000083,1.8430973009999436,5.962339305167491
phi3:3.8b,5,24,8b,10.313991163000535,1.6072894540011475,6.417009168650448
phi3:3.8b,5,26,8b,5.157730367998738,1.5068697940005222,3.422810908104878
phi3:3.8b,5,28,8b,9.164811354999983,1.4241754459999356,6.43517017565573
phi3:3.8b,5,30,8b,9.03221119599948,1.4568688740000653,6.199742033886761
phi3:3.8b,5,32,8b,5.308351315001346,0.8092174289995455,6.559857863620393
phi3:3.8b,5,34,8b,9.0353980029995,1.4573257160009234,6.199985290723968
phi3:3.8b,5,36,8b,3.338507447999291,1.4398148599993874,2.318706064751069
phi3:3.8b,5,38,8b,9.155054568000196,1.1525585500003217,7.94324467767615
phi3:3.8b,5,40,8b,6.194178158999421,1.5260255920002237,4.059026396064866
phi3:3.8b,5,42,8b,7.558696426000097,1.4919788600000174,5.066222202370889
phi3:3.8b,5,44,8b,9.246533974001068,1.4927089989996605,6.1944652173984585
phi3:3.8b,5,46,8b,4.433600450000085,1.4129036709982756,3.13793540282018
phi3:3.8b,5,48,8b,4.884562052000547,1.4621069269996951,3.3407693799959444
phi3:3.8b,5,50,8b,9.038246193000305,1.4719745849997707,6.140218917571673
phi3:3.8b,5,52,8b,4.467957336999461,1.4520577620005497,3.0769831985497627
phi3:3.8b,5,54,8b,9.20272145600029,1.4892105360013377,6.179597332631297
phi3:3.8b,5,56,8b,9.133632537999802,1.4647474689991211,6.235636334119026
phi3:3.8b,5,58,8b,9.19155787499949,1.4754060670002218,6.229849585536582
phi3:3.8b,5,60,8b,9.160104598000544,1.504094817000805,6.090111138249897
phi3:3.8b,5,62,8b,9.160625102998893,1.4805276499992033,6.18740562055955
phi3:3.8b,5,64,8b,6.3624155659999815,1.4329482989996905,4.440087315391241
phi3:3.8b,5,66,8b,9.328770886000711,1.490695380998659,6.257999457777285
phi3:3.8b,5,68,8b,9.195977559000312,1.27438552500098,7.21600911073848
phi3:3.8b,5,70,8b,9.31849750299989,1.495340646999466,6.23168876048296
phi3:3.8b,5,72,8b,6.508262035998996,1.565871699000127,4.156318835160497
phi3:3.8b,5,74,8b,9.321071638998546,1.5070230759993135,6.185088859915236
phi3:3.8b,5,76,8b,6.290261038999233,1.5378650020011264,4.090255666663923
phi3:3.8b,5,78,8b,9.428342952000094,1.5330186880000838,6.150181355127471
phi3:3.8b,5,80,8b,9.438075988000492,1.519833493999613,6.209940776580158
phi3:3.8b,5,82,8b,6.144899443999748,1.6645995060007408,3.6915182431857656
phi3:3.8b,5,84,8b,9.635340475999328,1.5417964000007487,6.2494246814914405
phi3:3.8b,5,86,8b,9.512063073998434,1.5395482250005443,6.178476854140162
phi3:3.8b,5,88,8b,9.497902519999116,1.5980695390007895,5.94335996538535
phi3:3.8b,5,90,8b,5.691165313999591,1.0461285000001226,5.440216296562921
phi3:3.8b,5,92,8b,9.465535371000442,0.8731879150000168,10.840204277220511
phi3:3.8b,5,94,8b,9.534447272000762,0.9701372279996576,9.827936705057695
phi3:3.8b,5,96,8b,7.73886447500081,1.5778609900007723,4.90465543165309
phi3:3.8b,5,98,8b,9.541062033000344,1.5563601899993955,6.130368853114939
