model,backend,run,words,num_predict,seconds
llama3.2:3b,GPU,1,10,128,0.36757029999989754
llama3.2:3b,CPU,1,10,128,1.5237040510000952
llama3.2:3b,GPU,2,10,128,0.44807380500014915
llama3.2:3b,CPU,2,10,128,1.9271179120000852
llama3.2:3b,GPU,3,10,128,0.40543989499974487
llama3.2:3b,CPU,3,10,128,1.782916355999987
llama3.2:3b,GPU,4,10,128,0.36025900799995725
llama3.2:3b,CPU,4,10,128,1.3958162379999521
llama3.2:3b,GPU,5,10,128,0.4179780370000117
llama3.2:3b,CPU,5,10,128,2.228214549999848
llama3.2:3b,GPU,1,12,128,0.4420119159999558
llama3.2:3b,CPU,1,12,128,1.9803757520003273
llama3.2:3b,GPU,2,12,128,0.4284072680002282
llama3.2:3b,CPU,2,12,128,1.7570613009997942
llama3.2:3b,GPU,3,12,128,0.42893854300018575
llama3.2:3b,CPU,3,12,128,1.9439288170001419
llama3.2:3b,GPU,4,12,128,0.4361083079998025
llama3.2:3b,CPU,4,12,128,1.723538047999682
llama3.2:3b,GPU,5,12,128,0.46853556699988985
llama3.2:3b,CPU,5,12,128,2.084464478999962
llama3.2:3b,GPU,1,14,128,0.23873028600019097
llama3.2:3b,CPU,1,14,128,0.8120268920001763
llama3.2:3b,GPU,2,14,128,0.2550098659999094
llama3.2:3b,CPU,2,14,128,0.7771932989999186
llama3.2:3b,GPU,3,14,128,0.2207104139997682
llama3.2:3b,CPU,3,14,128,0.7700986269996974
llama3.2:3b,GPU,4,14,128,0.21218052599988368
llama3.2:3b,CPU,4,14,128,0.81340999799977
llama3.2:3b,GPU,5,14,128,0.23029115999997885
llama3.2:3b,CPU,5,14,128,0.7800713149999865
llama3.2:3b,GPU,1,16,128,0.37228786500008937
llama3.2:3b,CPU,1,16,128,2.8151372649999757
llama3.2:3b,GPU,2,16,128,0.619223434000105
llama3.2:3b,CPU,2,16,128,1.6807688939998116
llama3.2:3b,GPU,3,16,128,0.646989375999965
llama3.2:3b,CPU,3,16,128,2.95922977500004
llama3.2:3b,GPU,4,16,128,0.39076979100036624
llama3.2:3b,CPU,4,16,128,2.3798068799997054
llama3.2:3b,GPU,5,16,128,0.6445238599999357
llama3.2:3b,CPU,5,16,128,2.7819617400000425
llama3.2:3b,GPU,1,18,128,0.3556274449997545
llama3.2:3b,CPU,1,18,128,2.19423479399984
llama3.2:3b,GPU,2,18,128,0.6749548239999967
llama3.2:3b,CPU,2,18,128,2.169423864000237
llama3.2:3b,GPU,3,18,128,0.46023967199971594
llama3.2:3b,CPU,3,18,128,2.059121482000137
llama3.2:3b,GPU,4,18,128,0.7315660469998875
llama3.2:3b,CPU,4,18,128,2.926705992999814
llama3.2:3b,GPU,5,18,128,0.4262924969998494
llama3.2:3b,CPU,5,18,128,2.931520872999954
llama3.2:3b,GPU,1,20,128,0.423341955000069
llama3.2:3b,CPU,1,20,128,1.871001304999936
llama3.2:3b,GPU,2,20,128,0.5142294549996222
llama3.2:3b,CPU,2,20,128,2.1603780699997515
llama3.2:3b,GPU,3,20,128,0.47355363999986366
llama3.2:3b,CPU,3,20,128,1.2859228699999221
llama3.2:3b,GPU,4,20,128,0.5346623529999306
llama3.2:3b,CPU,4,20,128,2.317450287000156
llama3.2:3b,GPU,5,20,128,0.5134827329998188
llama3.2:3b,CPU,5,20,128,2.129118759999983
llama3.2:3b,GPU,1,22,128,0.4710404459997335
llama3.2:3b,CPU,1,22,128,2.1318485249998957
llama3.2:3b,GPU,2,22,128,0.4477922619998935
llama3.2:3b,CPU,2,22,128,1.3563985039995714
llama3.2:3b,GPU,3,22,128,0.4890010760000223
llama3.2:3b,CPU,3,22,128,2.238414116999593
llama3.2:3b,GPU,4,22,128,0.44822146400019847
llama3.2:3b,CPU,4,22,128,2.1356913049999093
llama3.2:3b,GPU,5,22,128,0.547503787000096
llama3.2:3b,CPU,5,22,128,1.764845097000034
llama3.2:3b,GPU,1,24,128,0.6472058250001282
llama3.2:3b,CPU,1,24,128,1.8068491449998874
llama3.2:3b,GPU,2,24,128,0.44802928099989003
llama3.2:3b,CPU,2,24,128,2.1724304619997383
llama3.2:3b,GPU,3,24,128,0.5053920959999232
llama3.2:3b,CPU,3,24,128,1.8329877169999236
llama3.2:3b,GPU,4,24,128,0.4408713689999786
llama3.2:3b,CPU,4,24,128,1.8745837430001302
llama3.2:3b,GPU,5,24,128,0.5080415490001542
llama3.2:3b,CPU,5,24,128,1.8670552690000477
llama3.2:3b,GPU,1,26,128,0.5827568830000018
llama3.2:3b,CPU,1,26,128,2.1335092369999984
llama3.2:3b,GPU,2,26,128,0.4446843529999569
llama3.2:3b,CPU,2,26,128,1.836084346000007
llama3.2:3b,GPU,3,26,128,0.613561953000044
llama3.2:3b,CPU,3,26,128,2.095934970000144
llama3.2:3b,GPU,4,26,128,0.5240463879999879
llama3.2:3b,CPU,4,26,128,2.0918904870000006
llama3.2:3b,GPU,5,26,128,0.443434206999882
llama3.2:3b,CPU,5,26,128,4.79390661799971
llama3.2:3b,GPU,1,28,128,0.4412867349997214
llama3.2:3b,CPU,1,28,128,1.801244210999812
llama3.2:3b,GPU,2,28,128,0.4410447169998406
llama3.2:3b,CPU,2,28,128,2.1711735939998107
llama3.2:3b,GPU,3,28,128,0.615629275000174
llama3.2:3b,CPU,3,28,128,2.5365094270000554
llama3.2:3b,GPU,4,28,128,0.5763767729999927
llama3.2:3b,CPU,4,28,128,2.0977624669999386
llama3.2:3b,GPU,5,28,128,0.4983046679999461
llama3.2:3b,CPU,5,28,128,2.751793603999886
llama3.2:3b,GPU,1,30,128,1.0567479609999282
llama3.2:3b,CPU,1,30,128,2.581534138999814
llama3.2:3b,GPU,2,30,128,0.5384302719999141
llama3.2:3b,CPU,2,30,128,2.167699922999873
llama3.2:3b,GPU,3,30,128,1.0487368150002112
llama3.2:3b,CPU,3,30,128,2.2065951089998634
llama3.2:3b,GPU,4,30,128,0.4552749889999177
llama3.2:3b,CPU,4,30,128,2.4985334290004175
llama3.2:3b,GPU,5,30,128,0.5516847170001711
llama3.2:3b,CPU,5,30,128,2.615173030999813
llama3.2:3b,GPU,1,32,128,0.6916372150003554
llama3.2:3b,CPU,1,32,128,4.834995144000004
llama3.2:3b,GPU,2,32,128,0.4913552990001335
llama3.2:3b,CPU,2,32,128,1.8099761409998791
llama3.2:3b,GPU,3,32,128,0.4319271480003408
llama3.2:3b,CPU,3,32,128,1.8782398500002273
llama3.2:3b,GPU,4,32,128,1.051655245999882
llama3.2:3b,CPU,4,32,128,1.7713550829998894
llama3.2:3b,GPU,5,32,128,0.44541296100032923
llama3.2:3b,CPU,5,32,128,1.8714239740002085
llama3.2:3b,GPU,1,34,128,0.49413234399980865
llama3.2:3b,CPU,1,34,128,4.826742169000227
llama3.2:3b,GPU,2,34,128,1.0493865050002569
llama3.2:3b,CPU,2,34,128,2.4576600899999903
llama3.2:3b,GPU,3,34,128,0.4346188499998789
llama3.2:3b,CPU,3,34,128,1.8817401219998828
llama3.2:3b,GPU,4,34,128,0.48250048699992476
llama3.2:3b,CPU,4,34,128,2.3585149069999716
llama3.2:3b,GPU,5,34,128,0.5405779040002017
llama3.2:3b,CPU,5,34,128,2.4689083020002727
llama3.2:3b,GPU,1,36,128,0.49777717000006305
llama3.2:3b,CPU,1,36,128,2.1828557249996265
llama3.2:3b,GPU,2,36,128,0.48675911400005134
llama3.2:3b,CPU,2,36,128,3.0315180990000954
llama3.2:3b,GPU,3,36,128,0.538064640000357
llama3.2:3b,CPU,3,36,128,2.3269389880001654
llama3.2:3b,GPU,4,36,128,1.0483104489999278
llama3.2:3b,CPU,4,36,128,2.4814809579997927
llama3.2:3b,GPU,5,36,128,0.4728721509995921
llama3.2:3b,CPU,5,36,128,2.7088260739997168
llama3.2:3b,GPU,1,38,128,0.5067697120002777
llama3.2:3b,CPU,1,38,128,2.0352005549998466
llama3.2:3b,GPU,2,38,128,0.4863085419997333
llama3.2:3b,CPU,2,38,128,2.2492181570000866
llama3.2:3b,GPU,3,38,128,0.48499158999993597
llama3.2:3b,CPU,3,38,128,2.245257914999911
llama3.2:3b,GPU,4,38,128,0.43178077999982634
llama3.2:3b,CPU,4,38,128,1.9914696109999568
llama3.2:3b,GPU,5,38,128,0.5011034819999622
llama3.2:3b,CPU,5,38,128,2.0027184519999537
llama3.2:3b,GPU,1,40,128,0.5390218649999952
llama3.2:3b,CPU,1,40,128,2.006672057000287
llama3.2:3b,GPU,2,40,128,1.0431915589997516
llama3.2:3b,CPU,2,40,128,2.280788456999744
llama3.2:3b,GPU,3,40,128,0.43779824400007783
llama3.2:3b,CPU,3,40,128,4.799340491999828
llama3.2:3b,GPU,4,40,128,0.4379602799999702
llama3.2:3b,CPU,4,40,128,2.1331245129999843
llama3.2:3b,GPU,5,40,128,0.4799594490000345
llama3.2:3b,CPU,5,40,128,2.347550186999797
llama3.2:3b,GPU,1,42,128,0.4919251579999582
llama3.2:3b,CPU,1,42,128,2.0677327460002743
llama3.2:3b,GPU,2,42,128,0.5298716639999839
llama3.2:3b,CPU,2,42,128,2.174293027999738
llama3.2:3b,GPU,3,42,128,0.5133574460001
llama3.2:3b,CPU,3,42,128,4.80445098600012
llama3.2:3b,GPU,4,42,128,0.6163330429999405
llama3.2:3b,CPU,4,42,128,4.700271540999893
llama3.2:3b,GPU,5,42,128,0.46253771200008487
llama3.2:3b,CPU,5,42,128,1.809949663000225
llama3.2:3b,GPU,1,44,128,1.0538996380000754
llama3.2:3b,CPU,1,44,128,2.7671500540000125
llama3.2:3b,GPU,2,44,128,0.45811158299966337
llama3.2:3b,CPU,2,44,128,2.1054357009998057
llama3.2:3b,GPU,3,44,128,0.4409464730001673
llama3.2:3b,CPU,3,44,128,2.03038059399978
llama3.2:3b,GPU,4,44,128,0.485198395000225
llama3.2:3b,CPU,4,44,128,1.8024029979997067
llama3.2:3b,GPU,5,44,128,0.4500138359999255
llama3.2:3b,CPU,5,44,128,2.656613754999853
llama3.2:3b,GPU,1,46,128,0.4598532710001564
llama3.2:3b,CPU,1,46,128,2.4341331949999585
llama3.2:3b,GPU,2,46,128,0.5444949340003404
llama3.2:3b,CPU,2,46,128,1.8451402729997426
llama3.2:3b,GPU,3,46,128,0.45449926699984644
llama3.2:3b,CPU,3,46,128,4.813288374999956
llama3.2:3b,GPU,4,46,128,0.45802960900027756
llama3.2:3b,CPU,4,46,128,4.811589357999765
llama3.2:3b,GPU,5,46,128,1.0423585829998956
llama3.2:3b,CPU,5,46,128,1.8443688530001054
llama3.2:3b,GPU,1,48,128,0.8502443599995786
llama3.2:3b,CPU,1,48,128,1.8783984250003414
llama3.2:3b,GPU,2,48,128,0.8346236919996954
llama3.2:3b,CPU,2,48,128,2.4022450649999882
llama3.2:3b,GPU,3,48,128,0.5002390839999862
llama3.2:3b,CPU,3,48,128,2.0686272689999896
llama3.2:3b,GPU,4,48,128,0.4487189449996549
llama3.2:3b,CPU,4,48,128,2.3641903230000025
llama3.2:3b,GPU,5,48,128,0.5669079879999117
llama3.2:3b,CPU,5,48,128,3.6955883529999483
llama3.2:3b,GPU,1,50,128,0.5171079339997959
llama3.2:3b,CPU,1,50,128,2.408593151000332
llama3.2:3b,GPU,2,50,128,0.5114720070000658
llama3.2:3b,CPU,2,50,128,2.0732580549997692
llama3.2:3b,GPU,3,50,128,0.6768180910003139
llama3.2:3b,CPU,3,50,128,2.4010748309997325
llama3.2:3b,GPU,4,50,128,0.5142603449999115
llama3.2:3b,CPU,4,50,128,2.4370160809999106
llama3.2:3b,GPU,5,50,128,0.5744603540001663
llama3.2:3b,CPU,5,50,128,2.1430451700002777
llama3.2:3b,GPU,1,52,128,0.5590497749999486
llama3.2:3b,CPU,1,52,128,2.4829958640002587
llama3.2:3b,GPU,2,52,128,0.5964747439998064
llama3.2:3b,CPU,2,52,128,2.1839262829998916
llama3.2:3b,GPU,3,52,128,0.4549535860001015
llama3.2:3b,CPU,3,52,128,2.8875822630002403
llama3.2:3b,GPU,4,52,128,0.5883140470000399
llama3.2:3b,CPU,4,52,128,1.8557565179999074
llama3.2:3b,GPU,5,52,128,0.6325671709996641
llama3.2:3b,CPU,5,52,128,2.9962784879999163
llama3.2:3b,GPU,1,54,128,0.5616004829998928
llama3.2:3b,CPU,1,54,128,2.1127763959998447
llama3.2:3b,GPU,2,54,128,0.471169990999897
llama3.2:3b,CPU,2,54,128,3.708308890999888
llama3.2:3b,GPU,3,54,128,0.4518406839997624
llama3.2:3b,CPU,3,54,128,2.3700047190000078
llama3.2:3b,GPU,4,54,128,0.5159161589999712
llama3.2:3b,CPU,4,54,128,2.0320306280000295
llama3.2:3b,GPU,5,54,128,0.513003776000005
llama3.2:3b,CPU,5,54,128,1.7890951180002048
llama3.2:3b,GPU,1,56,128,0.5592228309997154
llama3.2:3b,CPU,1,56,128,2.589771574000224
llama3.2:3b,GPU,2,56,128,0.5369840270000168
llama3.2:3b,CPU,2,56,128,2.3659633789998225
llama3.2:3b,GPU,3,56,128,0.552942794000046
llama3.2:3b,CPU,3,56,128,3.8656859010002336
llama3.2:3b,GPU,4,56,128,0.5837745339999856
llama3.2:3b,CPU,4,56,128,2.3354496020001534
llama3.2:3b,GPU,5,56,128,0.5008601300000919
llama3.2:3b,CPU,5,56,128,2.3695223069998974
llama3.2:3b,GPU,1,58,128,0.5423822849998032
llama3.2:3b,CPU,1,58,128,4.174571733999983
llama3.2:3b,GPU,2,58,128,0.595742687999973
llama3.2:3b,CPU,2,58,128,2.4488847569996324
llama3.2:3b,GPU,3,58,128,0.6008137769999848
llama3.2:3b,CPU,3,58,128,2.4828308210003343
llama3.2:3b,GPU,4,58,128,0.6253756480000447
llama3.2:3b,CPU,4,58,128,2.3508463250000204
llama3.2:3b,GPU,5,58,128,0.5514433660000577
llama3.2:3b,CPU,5,58,128,2.2023474800002987
llama3.2:3b,GPU,1,60,128,0.5575293860001693
llama3.2:3b,CPU,1,60,128,2.443935139000132
llama3.2:3b,GPU,2,60,128,0.5540582359999462
llama3.2:3b,CPU,2,60,128,2.3887696179999693
llama3.2:3b,GPU,3,60,128,0.5528885720000289
llama3.2:3b,CPU,3,60,128,2.3282395850001194
llama3.2:3b,GPU,4,60,128,0.5496542790001513
llama3.2:3b,CPU,4,60,128,2.1967592430000877
llama3.2:3b,GPU,5,60,128,0.5538367660001313
llama3.2:3b,CPU,5,60,128,2.367405358999804
llama3.2:3b,GPU,1,62,128,0.8271656249999069
llama3.2:3b,CPU,1,62,128,2.453300184999989
llama3.2:3b,GPU,2,62,128,0.7316614009996556
llama3.2:3b,CPU,2,62,128,2.2352620030001162
llama3.2:3b,GPU,3,62,128,0.5588628200002859
llama3.2:3b,CPU,3,62,128,2.382656967999992
llama3.2:3b,GPU,4,62,128,0.5776640879998922
llama3.2:3b,CPU,4,62,128,2.38462391100029
llama3.2:3b,GPU,5,62,128,0.574713974000133
llama3.2:3b,CPU,5,62,128,2.186359997999716
llama3.2:3b,GPU,1,64,128,0.5185731280002983
llama3.2:3b,CPU,1,64,128,2.418123770999955
llama3.2:3b,GPU,2,64,128,1.0460750769998413
llama3.2:3b,CPU,2,64,128,2.2998917059999258
llama3.2:3b,GPU,3,64,128,0.5529156630000216
llama3.2:3b,CPU,3,64,128,2.8899291249999806
llama3.2:3b,GPU,4,64,128,0.551684724000097
llama3.2:3b,CPU,4,64,128,2.184482004000074
llama3.2:3b,GPU,5,64,128,0.5049499520000609
llama3.2:3b,CPU,5,64,128,1.8583472620002794
llama3.2:3b,GPU,1,66,128,1.0301096569996844
llama3.2:3b,CPU,1,66,128,2.3444910460002575
llama3.2:3b,GPU,2,66,128,0.5323540429999412
llama3.2:3b,CPU,2,66,128,3.008692265999798
llama3.2:3b,GPU,3,66,128,0.4752926850001131
llama3.2:3b,CPU,3,66,128,2.556029044999832
llama3.2:3b,GPU,4,66,128,0.5930322479998722
llama3.2:3b,CPU,4,66,128,2.605384476999916
llama3.2:3b,GPU,5,66,128,0.5559389760001068
llama3.2:3b,CPU,5,66,128,2.6024532689998523
llama3.2:3b,GPU,1,68,128,0.7677469750001364
llama3.2:3b,CPU,1,68,128,2.6044945219996407
llama3.2:3b,GPU,2,68,128,1.0461902659999396
llama3.2:3b,CPU,2,68,128,3.7197767980001117
llama3.2:3b,GPU,3,68,128,1.0480926660002297
llama3.2:3b,CPU,3,68,128,4.841600576000019
llama3.2:3b,GPU,4,68,128,0.562707367999792
llama3.2:3b,CPU,4,68,128,4.84873461899997
llama3.2:3b,GPU,5,68,128,0.5407126239997524
llama3.2:3b,CPU,5,68,128,2.3468778340002245
llama3.2:3b,GPU,1,70,128,0.37443318400028147
llama3.2:3b,CPU,1,70,128,3.7948899049997635
llama3.2:3b,GPU,2,70,128,0.3674707350000972
llama3.2:3b,CPU,2,70,128,2.413571585000227
llama3.2:3b,GPU,3,70,128,0.595017475000077
llama3.2:3b,CPU,3,70,128,2.375145771000007
llama3.2:3b,GPU,4,70,128,0.41242722099968887
llama3.2:3b,CPU,4,70,128,2.3785920539999097
llama3.2:3b,GPU,5,70,128,0.351090509000187
llama3.2:3b,CPU,5,70,128,2.379951096000241
llama3.2:3b,GPU,1,72,128,0.5517162690002806
llama3.2:3b,CPU,1,72,128,3.8425211460003084
llama3.2:3b,GPU,2,72,128,0.5519454289997157
llama3.2:3b,CPU,2,72,128,2.3431103530001565
llama3.2:3b,GPU,3,72,128,0.9710286539998378
llama3.2:3b,CPU,3,72,128,2.1966912519997095
llama3.2:3b,GPU,4,72,128,0.6745015219999004
llama3.2:3b,CPU,4,72,128,2.159302144999856
llama3.2:3b,GPU,5,72,128,0.5266063899998699
llama3.2:3b,CPU,5,72,128,2.5697439419996044
llama3.2:3b,GPU,1,74,128,0.5911516930000289
llama3.2:3b,CPU,1,74,128,3.0621193400002085
llama3.2:3b,GPU,2,74,128,0.554419358999894
llama3.2:3b,CPU,2,74,128,4.859717414999977
llama3.2:3b,GPU,3,74,128,0.4631295169997429
llama3.2:3b,CPU,3,74,128,2.2026340659999732
llama3.2:3b,GPU,4,74,128,0.4570582609999292
llama3.2:3b,CPU,4,74,128,2.386609538999892
llama3.2:3b,GPU,5,74,128,0.5340632570000707
llama3.2:3b,CPU,5,74,128,2.2728835699999763
llama3.2:3b,GPU,1,76,128,1.0538897390001694
llama3.2:3b,CPU,1,76,128,2.421610157000032
llama3.2:3b,GPU,2,76,128,0.5980805720000717
llama3.2:3b,CPU,2,76,128,3.217166554999949
llama3.2:3b,GPU,3,76,128,0.6231854980001117
llama3.2:3b,CPU,3,76,128,2.8028616889996556
llama3.2:3b,GPU,4,76,128,1.05022873300004
llama3.2:3b,CPU,4,76,128,4.862656465999862
llama3.2:3b,GPU,5,76,128,0.6062407000003986
llama3.2:3b,CPU,5,76,128,2.3065681180000865
llama3.2:3b,GPU,1,78,128,0.5995737869998266
llama3.2:3b,CPU,1,78,128,5.060729610999715
llama3.2:3b,GPU,2,78,128,0.5087593650000599
llama3.2:3b,CPU,2,78,128,2.353930894000314
llama3.2:3b,GPU,3,78,128,0.588912616000016
llama3.2:3b,CPU,3,78,128,2.0427826220002316
llama3.2:3b,GPU,4,78,128,0.5706118539997078
llama3.2:3b,CPU,4,78,128,2.4213320610001574
llama3.2:3b,GPU,5,78,128,1.0373003849999805
llama3.2:3b,CPU,5,78,128,1.673373784999967
llama3.2:3b,GPU,1,80,128,0.47635112199986906
llama3.2:3b,CPU,1,80,128,3.3477744719998555
llama3.2:3b,GPU,2,80,128,0.5555897740000546
llama3.2:3b,CPU,2,80,128,2.435300608000034
llama3.2:3b,GPU,3,80,128,0.5276418680000461
llama3.2:3b,CPU,3,80,128,2.5490306040001087
llama3.2:3b,GPU,4,80,128,0.5122399090000727
llama3.2:3b,CPU,4,80,128,2.2011658870001156
llama3.2:3b,GPU,5,80,128,0.5452045150000231
llama3.2:3b,CPU,5,80,128,2.4503243320000365
llama3.2:3b,GPU,1,82,128,0.5438476180001999
llama3.2:3b,CPU,1,82,128,4.993550934999803
llama3.2:3b,GPU,2,82,128,0.5106667830000333
llama3.2:3b,CPU,2,82,128,2.2418797439995615
llama3.2:3b,GPU,3,82,128,0.6379687670000749
llama3.2:3b,CPU,3,82,128,2.0598617330001616
llama3.2:3b,GPU,4,82,128,0.5555522019999444
llama3.2:3b,CPU,4,82,128,2.40950826199969
llama3.2:3b,GPU,5,82,128,0.579330599000059
llama3.2:3b,CPU,5,82,128,2.3586351750000176
llama3.2:3b,GPU,1,84,128,0.5455745549998028
llama3.2:3b,CPU,1,84,128,4.930832788999851
llama3.2:3b,GPU,2,84,128,0.46806512400007705
llama3.2:3b,CPU,2,84,128,2.176063645999875
llama3.2:3b,GPU,3,84,128,0.44602556900008494
llama3.2:3b,CPU,3,84,128,3.483441051000227
llama3.2:3b,GPU,4,84,128,0.5614198630000828
llama3.2:3b,CPU,4,84,128,2.340071252999678
llama3.2:3b,GPU,5,84,128,1.0548372020002716
llama3.2:3b,CPU,5,84,128,2.3614187200000742
llama3.2:3b,GPU,1,86,128,0.6066965320001145
llama3.2:3b,CPU,1,86,128,2.295322332000069
llama3.2:3b,GPU,2,86,128,0.7886189230002856
llama3.2:3b,CPU,2,86,128,2.3256019380000907
llama3.2:3b,GPU,3,86,128,0.8039358599999105
llama3.2:3b,CPU,3,86,128,2.212395221999941
llama3.2:3b,GPU,4,86,128,0.5082061879998037
llama3.2:3b,CPU,4,86,128,2.559285997000188
llama3.2:3b,GPU,5,86,128,0.7596326029997726
llama3.2:3b,CPU,5,86,128,3.7525887329998113
llama3.2:3b,GPU,1,88,128,0.7692299400000593
llama3.2:3b,CPU,1,88,128,2.333638071999758
llama3.2:3b,GPU,2,88,128,0.4784074720000717
llama3.2:3b,CPU,2,88,128,1.8761957339997934
llama3.2:3b,GPU,3,88,128,0.819717368000056
llama3.2:3b,CPU,3,88,128,3.9100694509997993
llama3.2:3b,GPU,4,88,128,0.5142718440001772
llama3.2:3b,CPU,4,88,128,3.492708883999967
llama3.2:3b,GPU,5,88,128,0.4064353969997683
llama3.2:3b,CPU,5,88,128,4.1044482170000265
llama3.2:3b,GPU,1,90,128,0.6110231980001117
llama3.2:3b,CPU,1,90,128,1.9230092719999448
llama3.2:3b,GPU,2,90,128,0.6225445850000142
llama3.2:3b,CPU,2,90,128,2.637066500000401
llama3.2:3b,GPU,3,90,128,0.5129013710002255
llama3.2:3b,CPU,3,90,128,1.8786728810000568
llama3.2:3b,GPU,4,90,128,0.5051727990003201
llama3.2:3b,CPU,4,90,128,2.250225763999879
llama3.2:3b,GPU,5,90,128,0.532152221999695
llama3.2:3b,CPU,5,90,128,1.8760934820002149
llama3.2:3b,GPU,1,92,128,0.5620735799998329
llama3.2:3b,CPU,1,92,128,2.5140221020001263
llama3.2:3b,GPU,2,92,128,0.5194103949997952
llama3.2:3b,CPU,2,92,128,3.802447060000304
llama3.2:3b,GPU,3,92,128,0.49519118500029435
llama3.2:3b,CPU,3,92,128,2.927946147000057
llama3.2:3b,GPU,4,92,128,0.5287925360003101
llama3.2:3b,CPU,4,92,128,2.3362285129996962
llama3.2:3b,GPU,5,92,128,0.5795476900002541
llama3.2:3b,CPU,5,92,128,2.2146055339999293
llama3.2:3b,GPU,1,94,128,0.5609385630000361
llama3.2:3b,CPU,1,94,128,2.453414628000246
llama3.2:3b,GPU,2,94,128,0.7008222800000112
llama3.2:3b,CPU,2,94,128,3.7680159900000945
llama3.2:3b,GPU,3,94,128,0.553396193000026
llama3.2:3b,CPU,3,94,128,2.029420170999856
llama3.2:3b,GPU,4,94,128,0.5568093300003056
llama3.2:3b,CPU,4,94,128,4.8004333250000855
llama3.2:3b,GPU,5,94,128,0.5619027570000981
llama3.2:3b,CPU,5,94,128,2.2534090070003003
llama3.2:3b,GPU,1,96,128,0.37984490999997433
llama3.2:3b,CPU,1,96,128,2.7670750239999506
llama3.2:3b,GPU,2,96,128,0.3731901710002603
llama3.2:3b,CPU,2,96,128,2.719045726999866
llama3.2:3b,GPU,3,96,128,0.5643134479996661
llama3.2:3b,CPU,3,96,128,1.9854067819996999
llama3.2:3b,GPU,4,96,128,0.6058782240002074
llama3.2:3b,CPU,4,96,128,2.109247687000334
llama3.2:3b,GPU,5,96,128,0.9047942249999323
llama3.2:3b,CPU,5,96,128,2.531530845999896
llama3.2:3b,GPU,1,98,128,0.4991457870000886
llama3.2:3b,CPU,1,98,128,2.3873880020000797
llama3.2:3b,GPU,2,98,128,0.5766063949999989
llama3.2:3b,CPU,2,98,128,2.493925751000006
llama3.2:3b,GPU,3,98,128,0.5181600699997944
llama3.2:3b,CPU,3,98,128,3.6037744199998087
llama3.2:3b,GPU,4,98,128,0.5380277669996758
llama3.2:3b,CPU,4,98,128,2.3337519169999723
llama3.2:3b,GPU,5,98,128,0.5810894969999936
llama3.2:3b,CPU,5,98,128,2.4890440460003447
llama3.1:8b,GPU,1,10,128,0.4167279799999051
llama3.1:8b,CPU,1,10,128,1.9337619839998297
llama3.1:8b,GPU,2,10,128,0.3620652929998869
llama3.1:8b,CPU,2,10,128,1.5991323069997634
llama3.1:8b,GPU,3,10,128,0.3155433579995588
llama3.1:8b,CPU,3,10,128,1.4620784140001888
llama3.1:8b,GPU,4,10,128,0.33317271199985043
llama3.1:8b,CPU,4,10,128,1.5840052680000554
llama3.1:8b,GPU,5,10,128,0.30476169999974445
llama3.1:8b,CPU,5,10,128,1.409091026999704
llama3.1:8b,GPU,1,12,128,0.3325632989999576
llama3.1:8b,CPU,1,12,128,1.4020248589999937
llama3.1:8b,GPU,2,12,128,0.28360477299975173
llama3.1:8b,CPU,2,12,128,1.3043685819998245
llama3.1:8b,GPU,3,12,128,0.22968653499992797
llama3.1:8b,CPU,3,12,128,0.8171633950000796
llama3.1:8b,GPU,4,12,128,0.2332988589996603
llama3.1:8b,CPU,4,12,128,1.1487849229997664
llama3.1:8b,GPU,5,12,128,0.28706299600025886
llama3.1:8b,CPU,5,12,128,1.318685729000208
llama3.1:8b,GPU,1,14,128,0.15253189600025507
llama3.1:8b,CPU,1,14,128,1.812818290999985
llama3.1:8b,GPU,2,14,128,0.14100548899978094
llama3.1:8b,CPU,2,14,128,3.1031841999997596
llama3.1:8b,GPU,3,14,128,0.16094909100002042
llama3.1:8b,CPU,3,14,128,2.5320590159999483
llama3.1:8b,GPU,4,14,128,0.13088099399965358
llama3.1:8b,CPU,4,14,128,1.8811499779999394
llama3.1:8b,GPU,5,14,128,0.13142528399976072
llama3.1:8b,CPU,5,14,128,1.8818926829999327
llama3.1:8b,GPU,1,16,128,0.18280999899980088
llama3.1:8b,CPU,1,16,128,2.7986593089999587
llama3.1:8b,GPU,2,16,128,0.7494650569997248
llama3.1:8b,CPU,2,16,128,0.578547786999934
llama3.1:8b,GPU,3,16,128,0.5023346689999926
llama3.1:8b,CPU,3,16,128,2.646224607000022
llama3.1:8b,GPU,4,16,128,0.22216670800025895
llama3.1:8b,CPU,4,16,128,0.49689339499991547
llama3.1:8b,GPU,5,16,128,0.7179521180000847
llama3.1:8b,CPU,5,16,128,0.49480625600017447
llama3.1:8b,GPU,1,18,128,1.0842962259998785
llama3.1:8b,CPU,1,18,128,7.037572160999844
llama3.1:8b,GPU,2,18,128,0.2072213329997794
llama3.1:8b,CPU,2,18,128,4.352818171999843
llama3.1:8b,GPU,3,18,128,1.1289145299997472
llama3.1:8b,CPU,3,18,128,6.615295122999669
llama3.1:8b,GPU,4,18,128,0.20799609799996688
llama3.1:8b,CPU,4,18,128,7.953657506999662
llama3.1:8b,GPU,5,18,128,0.2800600270002178
llama3.1:8b,CPU,5,18,128,7.031818485000258
llama3.1:8b,GPU,1,20,128,1.0216270310002074
llama3.1:8b,CPU,1,20,128,0.9137585449998369
llama3.1:8b,GPU,2,20,128,0.5306256140002006
llama3.1:8b,CPU,2,20,128,2.7052079869999943
llama3.1:8b,GPU,3,20,128,0.22097769900028652
llama3.1:8b,CPU,3,20,128,2.7077613480000764
llama3.1:8b,GPU,4,20,128,0.5064906019997579
llama3.1:8b,CPU,4,20,128,0.8277780280000115
llama3.1:8b,GPU,5,20,128,1.4475567509998655
llama3.1:8b,CPU,5,20,128,0.8241800000000694
llama3.1:8b,GPU,1,22,128,0.31185608199984927
llama3.1:8b,CPU,1,22,128,1.402270282000245
llama3.1:8b,GPU,2,22,128,0.3836863779997657
llama3.1:8b,CPU,2,22,128,0.8198776509998424
llama3.1:8b,GPU,3,22,128,0.3650940030001948
llama3.1:8b,CPU,3,22,128,1.8237652709999566
llama3.1:8b,GPU,4,22,128,0.6696228229998269
llama3.1:8b,CPU,4,22,128,1.8008676509998622
llama3.1:8b,GPU,5,22,128,0.27236497900003087
llama3.1:8b,CPU,5,22,128,1.8926089970000248
llama3.1:8b,GPU,1,24,128,0.4117138139999952
llama3.1:8b,CPU,1,24,128,2.2433631809999497
llama3.1:8b,GPU,2,24,128,0.6474093870001525
llama3.1:8b,CPU,2,24,128,1.8311901480001325
llama3.1:8b,GPU,3,24,128,0.4656495240001277
llama3.1:8b,CPU,3,24,128,1.8382020150002063
llama3.1:8b,GPU,4,24,128,0.49112617399987357
llama3.1:8b,CPU,4,24,128,1.2366632899997967
llama3.1:8b,GPU,5,24,128,0.22618424900019818
llama3.1:8b,CPU,5,24,128,1.3142653959998825
llama3.1:8b,GPU,1,26,128,0.3965056909996747
llama3.1:8b,CPU,1,26,128,1.423714352999923
llama3.1:8b,GPU,2,26,128,0.2948495279997587
llama3.1:8b,CPU,2,26,128,1.553650370000014
llama3.1:8b,GPU,3,26,128,0.20379505099981543
llama3.1:8b,CPU,3,26,128,1.8063081029999921
llama3.1:8b,GPU,4,26,128,0.27993494100019234
llama3.1:8b,CPU,4,26,128,1.2289219340000272
llama3.1:8b,GPU,5,26,128,0.3605667580000045
llama3.1:8b,CPU,5,26,128,1.8090966590002608
llama3.1:8b,GPU,1,28,128,0.5080221900002471
llama3.1:8b,CPU,1,28,128,1.3281623769998987
llama3.1:8b,GPU,2,28,128,0.3029790679997859
llama3.1:8b,CPU,2,28,128,1.152507174999755
llama3.1:8b,GPU,3,28,128,0.36351632900004915
llama3.1:8b,CPU,3,28,128,1.8062998579998748
llama3.1:8b,GPU,4,28,128,0.37012209599970447
llama3.1:8b,CPU,4,28,128,1.3145118120000916
llama3.1:8b,GPU,5,28,128,0.3693467790003524
llama3.1:8b,CPU,5,28,128,1.3196489609999844
llama3.1:8b,GPU,1,30,128,0.30358018500010076
llama3.1:8b,CPU,1,30,128,1.4140921379998872
llama3.1:8b,GPU,2,30,128,0.2888011750001169
llama3.1:8b,CPU,2,30,128,0.8304911010000069
llama3.1:8b,GPU,3,30,128,0.28202069599956303
llama3.1:8b,CPU,3,30,128,0.8266089059998194
llama3.1:8b,GPU,4,30,128,0.28683877200001007
llama3.1:8b,CPU,4,30,128,0.8246783029999278
llama3.1:8b,GPU,5,30,128,0.28595463899955575
llama3.1:8b,CPU,5,30,128,0.8266717550000067
llama3.1:8b,GPU,1,32,128,0.3009705170002235
llama3.1:8b,CPU,1,32,128,1.39868602200022
llama3.1:8b,GPU,2,32,128,0.2827773980002348
llama3.1:8b,CPU,2,32,128,1.33333675699987
llama3.1:8b,GPU,3,32,128,0.2837853549999636
llama3.1:8b,CPU,3,32,128,1.3137739959997816
llama3.1:8b,GPU,4,32,128,0.28594633300008354
llama3.1:8b,CPU,4,32,128,1.327637956000217
llama3.1:8b,GPU,5,32,128,0.2844171510000706
llama3.1:8b,CPU,5,32,128,1.3137217089997648
llama3.1:8b,GPU,1,34,128,0.22016206600028454
llama3.1:8b,CPU,1,34,128,3.287991688999682
llama3.1:8b,GPU,2,34,128,0.4192807899999025
llama3.1:8b,CPU,2,34,128,0.8266874340001777
llama3.1:8b,GPU,3,34,128,0.2835176290000163
llama3.1:8b,CPU,3,34,128,1.3204576309999538
llama3.1:8b,GPU,4,34,128,0.28224082299993825
llama3.1:8b,CPU,4,34,128,2.392159940000056
llama3.1:8b,GPU,5,34,128,0.27885988599973643
llama3.1:8b,CPU,5,34,128,0.8246442580002622
llama3.1:8b,GPU,1,36,128,0.30331383100019593
llama3.1:8b,CPU,1,36,128,0.9165931070001534
llama3.1:8b,GPU,2,36,128,0.28258892199983165
llama3.1:8b,CPU,2,36,128,0.8268362359999628
llama3.1:8b,GPU,3,36,128,0.2886514609999722
llama3.1:8b,CPU,3,36,128,1.3137092440001652
llama3.1:8b,GPU,4,36,128,0.284085473000232
llama3.1:8b,CPU,4,36,128,0.8420574729998407
llama3.1:8b,GPU,5,36,128,0.28707348500029184
llama3.1:8b,CPU,5,36,128,0.8288704840001628
llama3.1:8b,GPU,1,38,128,0.5478802470001938
llama3.1:8b,CPU,1,38,128,1.2458549399998446
llama3.1:8b,GPU,2,38,128,0.5401050179998492
llama3.1:8b,CPU,2,38,128,2.3990732399997796
llama3.1:8b,GPU,3,38,128,0.28496959600033733
llama3.1:8b,CPU,3,38,128,1.3209359560000848
llama3.1:8b,GPU,4,38,128,0.2097547260000283
llama3.1:8b,CPU,4,38,128,2.712448787000085
llama3.1:8b,GPU,5,38,128,0.2839642540002387
llama3.1:8b,CPU,5,38,128,0.8311241379997227
llama3.1:8b,GPU,1,40,128,0.5769513679997544
llama3.1:8b,CPU,1,40,128,3.1463164729998425
llama3.1:8b,GPU,2,40,128,0.5600908289998188
llama3.1:8b,CPU,2,40,128,2.796090679000372
llama3.1:8b,GPU,3,40,128,0.5747938760000579
llama3.1:8b,CPU,3,40,128,0.9918129959996804
llama3.1:8b,GPU,4,40,128,0.28667171600000074
llama3.1:8b,CPU,4,40,128,2.8769540650000636
llama3.1:8b,GPU,5,40,128,0.28251232699994944
llama3.1:8b,CPU,5,40,128,2.9614672450002217
llama3.1:8b,GPU,1,42,128,0.2276849689997107
llama3.1:8b,CPU,1,42,128,3.1295160679997025
llama3.1:8b,GPU,2,42,128,0.5702514710001196
llama3.1:8b,CPU,2,42,128,3.0510634339998433
llama3.1:8b,GPU,3,42,128,0.26415844300026947
llama3.1:8b,CPU,3,42,128,2.870151844999782
llama3.1:8b,GPU,4,42,128,0.5594818469999154
llama3.1:8b,CPU,4,42,128,3.0331474479999088
llama3.1:8b,GPU,5,42,128,0.47012009299987767
llama3.1:8b,CPU,5,42,128,0.9944206599998324
llama3.1:8b,GPU,1,44,128,0.5472747819999313
llama3.1:8b,CPU,1,44,128,1.332404743999632
llama3.1:8b,GPU,2,44,128,0.557250164999914
llama3.1:8b,CPU,2,44,128,1.8888113220000378
llama3.1:8b,GPU,3,44,128,0.5298143079999136
llama3.1:8b,CPU,3,44,128,3.1261354520001987
llama3.1:8b,GPU,4,44,128,0.5315118299999995
llama3.1:8b,CPU,4,44,128,1.2343486809995738
llama3.1:8b,GPU,5,44,128,0.5660936650001531
llama3.1:8b,CPU,5,44,128,2.868495982999775
llama3.1:8b,GPU,1,46,128,0.5750055759999668
llama3.1:8b,CPU,1,46,128,1.1547932290000062
llama3.1:8b,GPU,2,46,128,0.2981565639997825
llama3.1:8b,CPU,2,46,128,3.038875115999872
llama3.1:8b,GPU,3,46,128,0.5396987359999912
llama3.1:8b,CPU,3,46,128,1.2437745130000621
llama3.1:8b,GPU,4,46,128,0.5517536620000101
llama3.1:8b,CPU,4,46,128,3.1014197220001734
llama3.1:8b,GPU,5,46,128,0.5833370679997643
llama3.1:8b,CPU,5,46,128,0.9913417099996877
llama3.1:8b,GPU,1,48,128,0.31351386500000444
llama3.1:8b,CPU,1,48,128,3.05621304899978
llama3.1:8b,GPU,2,48,128,0.5599208090002321
llama3.1:8b,CPU,2,48,128,2.9654481779998605
llama3.1:8b,GPU,3,48,128,0.23057278999976916
llama3.1:8b,CPU,3,48,128,0.8293597940000836
llama3.1:8b,GPU,4,48,128,0.5590915279999535
llama3.1:8b,CPU,4,48,128,3.036400672000127
llama3.1:8b,GPU,5,48,128,0.2078826530000697
llama3.1:8b,CPU,5,48,128,3.2880646899998283
llama3.1:8b,GPU,1,50,128,0.24509189199989123
llama3.1:8b,CPU,1,50,128,2.975027817999944
llama3.1:8b,GPU,2,50,128,0.5603926410003623
llama3.1:8b,CPU,2,50,128,3.0416371979999894
llama3.1:8b,GPU,3,50,128,0.3006253199996536
llama3.1:8b,CPU,3,50,128,2.8807520690002093
llama3.1:8b,GPU,4,50,128,0.23662463900018338
llama3.1:8b,CPU,4,50,128,1.405958341999849
llama3.1:8b,GPU,5,50,128,0.5336007280002377
llama3.1:8b,CPU,5,50,128,2.880558492000091
llama3.1:8b,GPU,1,52,128,0.246905976999642
llama3.1:8b,CPU,1,52,128,2.9671442499998193
llama3.1:8b,GPU,2,52,128,0.23244732900002418
llama3.1:8b,CPU,2,52,128,0.9959482730000673
llama3.1:8b,GPU,3,52,128,0.5324476249998042
llama3.1:8b,CPU,3,52,128,3.137288052000258
llama3.1:8b,GPU,4,52,128,0.5374207009999736
llama3.1:8b,CPU,4,52,128,2.897666708000088
llama3.1:8b,GPU,5,52,128,0.563800504000028
llama3.1:8b,CPU,5,52,128,2.8781934840003487
llama3.1:8b,GPU,1,54,128,0.2222417130001304
llama3.1:8b,CPU,1,54,128,3.227512890000071
llama3.1:8b,GPU,2,54,128,0.5564176240000052
llama3.1:8b,CPU,2,54,128,2.9618360879999273
llama3.1:8b,GPU,3,54,128,0.5345826369998576
llama3.1:8b,CPU,3,54,128,2.958121884999855
llama3.1:8b,GPU,4,54,128,0.20843585100010387
llama3.1:8b,CPU,4,54,128,0.8275199689996953
llama3.1:8b,GPU,5,54,128,0.2075388930002191
llama3.1:8b,CPU,5,54,128,0.9895077879996279
llama3.1:8b,GPU,1,56,128,0.5435307009997814
llama3.1:8b,CPU,1,56,128,3.1381100280000283
llama3.1:8b,GPU,2,56,128,0.2080748569997013
llama3.1:8b,CPU,2,56,128,3.0472595250002996
llama3.1:8b,GPU,3,56,128,0.2342842380003276
llama3.1:8b,CPU,3,56,128,2.7133903550002287
llama3.1:8b,GPU,4,56,128,0.54045961599968
llama3.1:8b,CPU,4,56,128,0.9910564699998758
llama3.1:8b,GPU,5,56,128,0.2341172110000116
llama3.1:8b,CPU,5,56,128,3.710284107999996
llama3.1:8b,GPU,1,58,128,0.5841141500000049
llama3.1:8b,CPU,1,58,128,3.1394175440000254
llama3.1:8b,GPU,2,58,128,0.20881917699989572
llama3.1:8b,CPU,2,58,128,0.9979044570000042
llama3.1:8b,GPU,3,58,128,0.27555923499994606
llama3.1:8b,CPU,3,58,128,3.043135755000094
llama3.1:8b,GPU,4,58,128,0.2707986609998443
llama3.1:8b,CPU,4,58,128,0.9973462299999483
llama3.1:8b,GPU,5,58,128,0.2680086069999561
llama3.1:8b,CPU,5,58,128,3.0528100049996283
llama3.1:8b,GPU,1,60,128,0.5477871210000558
llama3.1:8b,CPU,1,60,128,0.9207460910001828
llama3.1:8b,GPU,2,60,128,0.2096904669997457
llama3.1:8b,CPU,2,60,128,0.8297374879998642
llama3.1:8b,GPU,3,60,128,0.20329609899999923
llama3.1:8b,CPU,3,60,128,0.8316873110002234
llama3.1:8b,GPU,4,60,128,0.2076709419998224
llama3.1:8b,CPU,4,60,128,0.822834686999613
llama3.1:8b,GPU,5,60,128,0.5325725319999037
llama3.1:8b,CPU,5,60,128,0.8290173949999371
llama3.1:8b,GPU,1,62,128,0.31179323700007444
llama3.1:8b,CPU,1,62,128,1.0820763729998362
llama3.1:8b,GPU,2,62,128,0.24880449200009025
llama3.1:8b,CPU,2,62,128,0.9970733230002224
llama3.1:8b,GPU,3,62,128,0.23381188300027134
llama3.1:8b,CPU,3,62,128,0.9949618050000026
llama3.1:8b,GPU,4,62,128,0.24364644600018437
llama3.1:8b,CPU,4,62,128,1.0780983409999862
llama3.1:8b,GPU,5,62,128,0.2072575400002279
llama3.1:8b,CPU,5,62,128,3.054096571000173
llama3.1:8b,GPU,1,64,128,0.2579882930003805
llama3.1:8b,CPU,1,64,128,1.1842659580001964
llama3.1:8b,GPU,2,64,128,0.22021885300000577
llama3.1:8b,CPU,2,64,128,0.994361648999984
llama3.1:8b,GPU,3,64,128,0.24917436300029294
llama3.1:8b,CPU,3,64,128,1.0838992249996409
llama3.1:8b,GPU,4,64,128,0.22959235200005423
llama3.1:8b,CPU,4,64,128,1.085142279000138
llama3.1:8b,GPU,5,64,128,0.23592020500018407
llama3.1:8b,CPU,5,64,128,1.0737713070002428
llama3.1:8b,GPU,1,66,128,0.24335002399993755
llama3.1:8b,CPU,1,66,128,1.0913684189999913
llama3.1:8b,GPU,2,66,128,0.23408848600001875
llama3.1:8b,CPU,2,66,128,0.8260475719998794
llama3.1:8b,GPU,3,66,128,0.24626350099970296
llama3.1:8b,CPU,3,66,128,0.9995219300003555
llama3.1:8b,GPU,4,66,128,0.20439495899972826
llama3.1:8b,CPU,4,66,128,0.9901852299999518
llama3.1:8b,GPU,5,66,128,0.2319801839998945
llama3.1:8b,CPU,5,66,128,0.9959243370003605
llama3.1:8b,GPU,1,68,128,0.2585994699998082
llama3.1:8b,CPU,1,68,128,1.0864819260000331
llama3.1:8b,GPU,2,68,128,0.24740142600012405
llama3.1:8b,CPU,2,68,128,2.971699976000309
llama3.1:8b,GPU,3,68,128,0.23551498799997717
llama3.1:8b,CPU,3,68,128,1.002984156000366
llama3.1:8b,GPU,4,68,128,0.27066973599994526
llama3.1:8b,CPU,4,68,128,0.9986817290000545
llama3.1:8b,GPU,5,68,128,0.23423625600025844
llama3.1:8b,CPU,5,68,128,1.0814406399999825
llama3.1:8b,GPU,1,70,128,0.2844446799999787
llama3.1:8b,CPU,1,70,128,1.0879202490000353
llama3.1:8b,GPU,2,70,128,0.23472250699978758
llama3.1:8b,CPU,2,70,128,1.2459071110001787
llama3.1:8b,GPU,3,70,128,0.2075947289999931
llama3.1:8b,CPU,3,70,128,1.2457512350001707
llama3.1:8b,GPU,4,70,128,0.551171609999983
llama3.1:8b,CPU,4,70,128,1.241904722000072
llama3.1:8b,GPU,5,70,128,0.2734699380002894
llama3.1:8b,CPU,5,70,128,1.2396063299997877
llama3.1:8b,GPU,1,72,128,0.5764112239999122
llama3.1:8b,CPU,1,72,128,3.159751898000195
llama3.1:8b,GPU,2,72,128,0.24879831099997318
llama3.1:8b,CPU,2,72,128,1.2526755980002235
llama3.1:8b,GPU,3,72,128,0.27315128500003993
llama3.1:8b,CPU,3,72,128,2.9945181849998335
llama3.1:8b,GPU,4,72,128,0.22197721299971818
llama3.1:8b,CPU,4,72,128,3.4345762110001488
llama3.1:8b,GPU,5,72,128,0.5933405109999512
llama3.1:8b,CPU,5,72,128,3.4075869560001593
llama3.1:8b,GPU,1,74,128,0.3202804180000385
llama3.1:8b,CPU,1,74,128,1.4530593919998864
llama3.1:8b,GPU,2,74,128,0.5763412709998192
llama3.1:8b,CPU,2,74,128,1.3164507209999101
llama3.1:8b,GPU,3,74,128,0.28049732499994207
llama3.1:8b,CPU,3,74,128,1.2565135260001625
llama3.1:8b,GPU,4,74,128,0.27599007000026177
llama3.1:8b,CPU,4,74,128,1.2653863069999716
llama3.1:8b,GPU,5,74,128,0.274285102000249
llama3.1:8b,CPU,5,74,128,1.258345995000127
llama3.1:8b,GPU,1,76,128,0.2868826660001105
llama3.1:8b,CPU,1,76,128,3.1672373930000504
llama3.1:8b,GPU,2,76,128,0.27317461900020135
llama3.1:8b,CPU,2,76,128,2.9109046959997613
llama3.1:8b,GPU,3,76,128,0.27009383599988723
llama3.1:8b,CPU,3,76,128,2.8994527810000363
llama3.1:8b,GPU,4,76,128,0.5396241640000881
llama3.1:8b,CPU,4,76,128,1.2485987180002667
llama3.1:8b,GPU,5,76,128,0.5424704540000675
llama3.1:8b,CPU,5,76,128,2.7592779369997515
llama3.1:8b,GPU,1,78,128,0.263538613000037
llama3.1:8b,CPU,1,78,128,1.1800445339999897
llama3.1:8b,GPU,2,78,128,0.23192746399990938
llama3.1:8b,CPU,2,78,128,1.2505749189999733
llama3.1:8b,GPU,3,78,128,0.5487346859999889
llama3.1:8b,CPU,3,78,128,1.2409854819998145
llama3.1:8b,GPU,4,78,128,0.2361203740001656
llama3.1:8b,CPU,4,78,128,2.939197861000139
llama3.1:8b,GPU,5,78,128,0.24798962899967592
llama3.1:8b,CPU,5,78,128,1.0877472719998877
llama3.1:8b,GPU,1,80,128,0.28284250600017913
llama3.1:8b,CPU,1,80,128,1.1745744869999726
llama3.1:8b,GPU,2,80,128,0.3020246500000212
llama3.1:8b,CPU,2,80,128,1.0119791279998935
llama3.1:8b,GPU,3,80,128,0.2377963579997413
llama3.1:8b,CPU,3,80,128,3.008894848000182
llama3.1:8b,GPU,4,80,128,0.27386078900008215
llama3.1:8b,CPU,4,80,128,1.2405111329999272
llama3.1:8b,GPU,5,80,128,0.2715241339997192
llama3.1:8b,CPU,5,80,128,1.2431039429998236
llama3.1:8b,GPU,1,82,128,0.22086401500018837
llama3.1:8b,CPU,1,82,128,1.1722666559999197
llama3.1:8b,GPU,2,82,128,0.23003480100032903
llama3.1:8b,CPU,2,82,128,1.0803801020001629
llama3.1:8b,GPU,3,82,128,0.23455257500017979
llama3.1:8b,CPU,3,82,128,1.2468976270001804
llama3.1:8b,GPU,4,82,128,0.23601990299994213
llama3.1:8b,CPU,4,82,128,1.243571017999784
llama3.1:8b,GPU,5,82,128,0.2711787100001857
llama3.1:8b,CPU,5,82,128,1.2382332199999837
llama3.1:8b,GPU,1,84,128,0.5608767379999335
llama3.1:8b,CPU,1,84,128,1.3358176239999011
llama3.1:8b,GPU,2,84,128,0.23069456999974136
llama3.1:8b,CPU,2,84,128,1.2441327810001894
llama3.1:8b,GPU,3,84,128,0.2695869459998903
llama3.1:8b,CPU,3,84,128,1.0839334900001631
llama3.1:8b,GPU,4,84,128,0.260801168999933
llama3.1:8b,CPU,4,84,128,1.15887908600007
llama3.1:8b,GPU,5,84,128,0.27435378300015145
llama3.1:8b,CPU,5,84,128,1.2415481769999133
llama3.1:8b,GPU,1,86,128,0.28584552299980714
llama3.1:8b,CPU,1,86,128,1.3340233170001738
llama3.1:8b,GPU,2,86,128,0.27513288800037117
llama3.1:8b,CPU,2,86,128,1.244091803000174
llama3.1:8b,GPU,3,86,128,0.2334239280003203
llama3.1:8b,CPU,3,86,128,1.084277581999686
llama3.1:8b,GPU,4,86,128,0.23433361099978356
llama3.1:8b,CPU,4,86,128,1.0894440439997197
llama3.1:8b,GPU,5,86,128,0.24842551499978072
llama3.1:8b,CPU,5,86,128,1.2415055759997813
llama3.1:8b,GPU,1,88,128,0.24586235100014164
llama3.1:8b,CPU,1,88,128,1.1733516109998163
llama3.1:8b,GPU,2,88,128,0.2470408529998167
llama3.1:8b,CPU,2,88,128,1.074867071999961
llama3.1:8b,GPU,3,88,128,0.329883351999797
llama3.1:8b,CPU,3,88,128,1.0811311840002418
llama3.1:8b,GPU,4,88,128,0.24373045400034243
llama3.1:8b,CPU,4,88,128,0.998359057000016
llama3.1:8b,GPU,5,88,128,0.5817304560000593
llama3.1:8b,CPU,5,88,128,2.900892575999933
llama3.1:8b,GPU,1,90,128,0.25687197900015235
llama3.1:8b,CPU,1,90,128,1.3341810349998013
llama3.1:8b,GPU,2,90,128,0.271939330999885
llama3.1:8b,CPU,2,90,128,1.2487191159998474
llama3.1:8b,GPU,3,90,128,0.2568247489998612
llama3.1:8b,CPU,3,90,128,1.245700670000133
llama3.1:8b,GPU,4,90,128,0.2592146050001247
llama3.1:8b,CPU,4,90,128,1.2440553739997995
llama3.1:8b,GPU,5,90,128,0.2704854969997541
llama3.1:8b,CPU,5,90,128,1.166947053000058
llama3.1:8b,GPU,1,92,128,0.2874814699998751
llama3.1:8b,CPU,1,92,128,1.3430337890004012
llama3.1:8b,GPU,2,92,128,0.2722286379998877
llama3.1:8b,CPU,2,92,128,1.2453833899999154
llama3.1:8b,GPU,3,92,128,0.2715809219998846
llama3.1:8b,CPU,3,92,128,1.2455653140000322
llama3.1:8b,GPU,4,92,128,0.5319001879997813
llama3.1:8b,CPU,4,92,128,1.0837739680000595
llama3.1:8b,GPU,5,92,128,0.2720955969998613
llama3.1:8b,CPU,5,92,128,1.080490589999954
llama3.1:8b,GPU,1,94,128,0.24665215699997134
llama3.1:8b,CPU,1,94,128,1.3392530490000354
llama3.1:8b,GPU,2,94,128,0.27015083400010553
llama3.1:8b,CPU,2,94,128,1.269223613000122
llama3.1:8b,GPU,3,94,128,0.2374544699996477
llama3.1:8b,CPU,3,94,128,1.1220217730001423
llama3.1:8b,GPU,4,94,128,0.26195437300020785
llama3.1:8b,CPU,4,94,128,1.1202668200003245
llama3.1:8b,GPU,5,94,128,0.2745282519999819
llama3.1:8b,CPU,5,94,128,1.1234386460000678
llama3.1:8b,GPU,1,96,128,0.5645237930002622
llama3.1:8b,CPU,1,96,128,1.1555789770000047
llama3.1:8b,GPU,2,96,128,0.27583157999970354
llama3.1:8b,CPU,2,96,128,1.036914264999723
llama3.1:8b,GPU,3,96,128,0.23803987900009815
llama3.1:8b,CPU,3,96,128,3.0928215810004076
llama3.1:8b,GPU,4,96,128,0.2451096959998722
llama3.1:8b,CPU,4,96,128,1.1196397930002604
llama3.1:8b,GPU,5,96,128,0.2501657600000726
llama3.1:8b,CPU,5,96,128,1.1229211969998687
llama3.1:8b,GPU,1,98,128,0.23359590400013985
llama3.1:8b,CPU,1,98,128,1.3318256550001024
llama3.1:8b,GPU,2,98,128,0.21460538300016196
llama3.1:8b,CPU,2,98,128,1.1274129319999702
llama3.1:8b,GPU,3,98,128,0.2559072020003441
llama3.1:8b,CPU,3,98,128,1.1277782940001089
llama3.1:8b,GPU,4,98,128,0.2561355040002127
llama3.1:8b,CPU,4,98,128,1.0825748370002657
llama3.1:8b,GPU,5,98,128,0.25310798199961937
llama3.1:8b,CPU,5,98,128,3.4818904849998944
phi3:3.8b,GPU,1,10,128,0.8199200250001013
phi3:3.8b,CPU,1,10,128,2.5167231519999405
phi3:3.8b,GPU,2,10,128,0.880519271999674
phi3:3.8b,CPU,2,10,128,2.5361117259999446
phi3:3.8b,GPU,3,10,128,0.3853052929998739
phi3:3.8b,CPU,3,10,128,5.16633670300007
phi3:3.8b,GPU,4,10,128,0.7019003629998224
phi3:3.8b,CPU,4,10,128,2.278881989999718
phi3:3.8b,GPU,5,10,128,1.643970483999965
phi3:3.8b,CPU,5,10,128,2.4817638859999533
phi3:3.8b,GPU,1,12,128,0.7567283309999766
phi3:3.8b,CPU,1,12,128,2.101105075000305
phi3:3.8b,GPU,2,12,128,1.1929216490002545
phi3:3.8b,CPU,2,12,128,1.7728586589996667
phi3:3.8b,GPU,3,12,128,1.2747554940001464
phi3:3.8b,CPU,3,12,128,5.1502577510000265
phi3:3.8b,GPU,4,12,128,1.0724802419999833
phi3:3.8b,CPU,4,12,128,1.572063825999976
phi3:3.8b,GPU,5,12,128,0.6444289020000724
phi3:3.8b,CPU,5,12,128,0.5930040700000063
phi3:3.8b,GPU,1,14,128,0.9169633550000071
phi3:3.8b,CPU,1,14,128,5.242625800000042
phi3:3.8b,GPU,2,14,128,0.27912514099989494
phi3:3.8b,CPU,2,14,128,2.0153249750001123
phi3:3.8b,GPU,3,14,128,0.9039189289997012
phi3:3.8b,CPU,3,14,128,2.7325526859999627
phi3:3.8b,GPU,4,14,128,1.0688283669996963
phi3:3.8b,CPU,4,14,128,2.609228563000215
phi3:3.8b,GPU,5,14,128,0.3915563049999946
phi3:3.8b,CPU,5,14,128,2.8493111479997424
phi3:3.8b,GPU,1,16,128,0.34567539199997555
phi3:3.8b,CPU,1,16,128,2.530371597999874
phi3:3.8b,GPU,2,16,128,0.6890067210001689
phi3:3.8b,CPU,2,16,128,1.5768724389999988
phi3:3.8b,GPU,3,16,128,0.5269660920002934
phi3:3.8b,CPU,3,16,128,1.3030041430001802
phi3:3.8b,GPU,4,16,128,1.5379123319999053
phi3:3.8b,CPU,4,16,128,1.2821165509999446
phi3:3.8b,GPU,5,16,128,0.7789661530000558
phi3:3.8b,CPU,5,16,128,1.2614336369997545
phi3:3.8b,GPU,1,18,128,1.5560969899997872
phi3:3.8b,CPU,1,18,128,1.4844999740003004
phi3:3.8b,GPU,2,18,128,0.7957685859996673
phi3:3.8b,CPU,2,18,128,1.5460608779999347
phi3:3.8b,GPU,3,18,128,0.5094686380002713
phi3:3.8b,CPU,3,18,128,1.987470519999988
phi3:3.8b,GPU,4,18,128,1.5361508849996426
phi3:3.8b,CPU,4,18,128,5.192820623999978
phi3:3.8b,GPU,5,18,128,1.6663045899999815
phi3:3.8b,CPU,5,18,128,5.202874308999981
phi3:3.8b,GPU,1,20,128,1.6835647530001552
phi3:3.8b,CPU,1,20,128,5.28175853599987
phi3:3.8b,GPU,2,20,128,1.2078733390003435
phi3:3.8b,CPU,2,20,128,5.2144534320000275
phi3:3.8b,GPU,3,20,128,0.8450531339999543
phi3:3.8b,CPU,3,20,128,5.209532706000118
phi3:3.8b,GPU,4,20,128,1.0937844869999935
phi3:3.8b,CPU,4,20,128,1.62775114499982
phi3:3.8b,GPU,5,20,128,0.8594492869997339
phi3:3.8b,CPU,5,20,128,2.1884486740000284
phi3:3.8b,GPU,1,22,128,1.65553554600001
phi3:3.8b,CPU,1,22,128,2.5263171770002373
phi3:3.8b,GPU,2,22,128,0.9546578600002249
phi3:3.8b,CPU,2,22,128,2.1996236889999636
phi3:3.8b,GPU,3,22,128,1.54279815100017
phi3:3.8b,CPU,3,22,128,4.27137992300004
phi3:3.8b,GPU,4,22,128,1.6221494050000729
phi3:3.8b,CPU,4,22,128,1.8751407390000168
phi3:3.8b,GPU,5,22,128,1.3219219739999062
phi3:3.8b,CPU,5,22,128,5.249404786000014
phi3:3.8b,GPU,1,24,128,1.5574163960000078
phi3:3.8b,CPU,1,24,128,5.320617791999666
phi3:3.8b,GPU,2,24,128,1.6473712000001797
phi3:3.8b,CPU,2,24,128,5.260064793000311
phi3:3.8b,GPU,3,24,128,1.5315985189999992
phi3:3.8b,CPU,3,24,128,5.271392778000063
phi3:3.8b,GPU,4,24,128,1.6934298400001353
phi3:3.8b,CPU,4,24,128,2.574204461000136
phi3:3.8b,GPU,5,24,128,1.5359281129999545
phi3:3.8b,CPU,5,24,128,5.256449617000271
phi3:3.8b,GPU,1,26,128,1.3221842020002441
phi3:3.8b,CPU,1,26,128,3.0735690989999966
phi3:3.8b,GPU,2,26,128,1.5347478910002792
phi3:3.8b,CPU,2,26,128,1.6952678210000158
phi3:3.8b,GPU,3,26,128,0.7837122979999549
phi3:3.8b,CPU,3,26,128,2.3830780479997884
phi3:3.8b,GPU,4,26,128,1.5416909280002074
phi3:3.8b,CPU,4,26,128,2.097709620000387
phi3:3.8b,GPU,5,26,128,1.5448855560002812
phi3:3.8b,CPU,5,26,128,5.281506959000126
phi3:3.8b,GPU,1,28,128,1.6761219869999877
phi3:3.8b,CPU,1,28,128,3.5056102570001713
phi3:3.8b,GPU,2,28,128,1.5658372900002178
phi3:3.8b,CPU,2,28,128,4.656085728000107
phi3:3.8b,GPU,3,28,128,1.5388578270003563
phi3:3.8b,CPU,3,28,128,2.068015401000139
phi3:3.8b,GPU,4,28,128,0.46405461299991657
phi3:3.8b,CPU,4,28,128,1.943605676000061
phi3:3.8b,GPU,5,28,128,0.8999743379999927
phi3:3.8b,CPU,5,28,128,2.6514769770001294
phi3:3.8b,GPU,1,30,128,1.5499398860001747
phi3:3.8b,CPU,1,30,128,3.829527282000072
phi3:3.8b,GPU,2,30,128,1.4064049860003252
phi3:3.8b,CPU,2,30,128,3.0723298849998173
phi3:3.8b,GPU,3,30,128,1.0974020190001283
phi3:3.8b,CPU,3,30,128,5.3223881889998665
phi3:3.8b,GPU,4,30,128,1.2872395929998675
phi3:3.8b,CPU,4,30,128,5.332195395999861
phi3:3.8b,GPU,5,30,128,0.9321459989996583
phi3:3.8b,CPU,5,30,128,0.8119392090002293
phi3:3.8b,GPU,1,32,128,0.9052818780000962
phi3:3.8b,CPU,1,32,128,3.8172728509998706
phi3:3.8b,GPU,2,32,128,0.5097865469997487
phi3:3.8b,CPU,2,32,128,3.210481283000263
phi3:3.8b,GPU,3,32,128,1.6173388939996585
phi3:3.8b,CPU,3,32,128,0.6564515109994318
phi3:3.8b,GPU,4,32,128,1.5555161550000776
phi3:3.8b,CPU,4,32,128,2.788554450999982
phi3:3.8b,GPU,5,32,128,1.6439432030001626
phi3:3.8b,CPU,5,32,128,1.5489659619997838
phi3:3.8b,GPU,1,34,128,1.2818448950001766
phi3:3.8b,CPU,1,34,128,3.5664189339995573
phi3:3.8b,GPU,2,34,128,0.806095040999935
phi3:3.8b,CPU,2,34,128,4.913100000000668
phi3:3.8b,GPU,3,34,128,0.792044695000186
phi3:3.8b,CPU,3,34,128,3.4401066620002894
phi3:3.8b,GPU,4,34,128,1.6020008019995657
phi3:3.8b,CPU,4,34,128,4.93966931399973
phi3:3.8b,GPU,5,34,128,0.7298286119994373
phi3:3.8b,CPU,5,34,128,3.4697463140000764
phi3:3.8b,GPU,1,36,128,1.1893974000004164
phi3:3.8b,CPU,1,36,128,3.846774412000741
phi3:3.8b,GPU,2,36,128,0.4286160799993013
phi3:3.8b,CPU,2,36,128,1.351647673000116
phi3:3.8b,GPU,3,36,128,0.5961004880000473
phi3:3.8b,CPU,3,36,128,3.7478640680001263
phi3:3.8b,GPU,4,36,128,1.16125607199956
phi3:3.8b,CPU,4,36,128,5.396008289999372
phi3:3.8b,GPU,5,36,128,1.1941968710007131
phi3:3.8b,CPU,5,36,128,0.9070423289995233
phi3:3.8b,GPU,1,38,128,0.2965509120003844
phi3:3.8b,CPU,1,38,128,0.9894095210001979
phi3:3.8b,GPU,2,38,128,0.19366120799986675
phi3:3.8b,CPU,2,38,128,4.021120753000105
phi3:3.8b,GPU,3,38,128,1.6698129430005793
phi3:3.8b,CPU,3,38,128,2.0667551009992167
phi3:3.8b,GPU,4,38,128,1.592897215999983
phi3:3.8b,CPU,4,38,128,5.589464280000357
phi3:3.8b,GPU,5,38,128,1.2761209050004254
phi3:3.8b,CPU,5,38,128,5.405944981000175
phi3:3.8b,GPU,1,40,128,0.9311137660006352
phi3:3.8b,CPU,1,40,128,2.62487825900007
phi3:3.8b,GPU,2,40,128,1.5503892649994668
phi3:3.8b,CPU,2,40,128,5.4425466880002205
phi3:3.8b,GPU,3,40,128,1.3348532660002093
phi3:3.8b,CPU,3,40,128,4.255059512000116
phi3:3.8b,GPU,4,40,128,0.8772318219998851
phi3:3.8b,CPU,4,40,128,5.439341453999987
phi3:3.8b,GPU,5,40,128,1.2134840660000918
phi3:3.8b,CPU,5,40,128,5.427228303000447
phi3:3.8b,GPU,1,42,128,1.3227430809993166
phi3:3.8b,CPU,1,42,128,4.603446025999801
phi3:3.8b,GPU,2,42,128,1.7190613290003967
phi3:3.8b,CPU,2,42,128,5.461067482000544
phi3:3.8b,GPU,3,42,128,1.3631346590000248
phi3:3.8b,CPU,3,42,128,0.754963731999851
phi3:3.8b,GPU,4,42,128,1.388542063999921
phi3:3.8b,CPU,4,42,128,2.168897831999857
phi3:3.8b,GPU,5,42,128,0.34326865900038683
phi3:3.8b,CPU,5,42,128,4.49622779099991
phi3:3.8b,GPU,1,44,128,1.715768238000237
phi3:3.8b,CPU,1,44,128,1.412816193999788
phi3:3.8b,GPU,2,44,128,1.6530947690007451
phi3:3.8b,CPU,2,44,128,1.9674734850004825
phi3:3.8b,GPU,3,44,128,1.6657167019993722
phi3:3.8b,CPU,3,44,128,2.096681575999355
phi3:3.8b,GPU,4,44,128,0.879630872999769
phi3:3.8b,CPU,4,44,128,3.5887499680002293
phi3:3.8b,GPU,5,44,128,1.6715738650000276
phi3:3.8b,CPU,5,44,128,0.9622460739992675
phi3:3.8b,GPU,1,46,128,1.651469643999917
phi3:3.8b,CPU,1,46,128,5.604685049999716
phi3:3.8b,GPU,2,46,128,0.3913972360005573
phi3:3.8b,CPU,2,46,128,5.505660689999786
phi3:3.8b,GPU,3,46,128,1.5305716160000884
phi3:3.8b,CPU,3,46,128,1.1315688190006767
phi3:3.8b,GPU,4,46,128,1.6412014549996456
phi3:3.8b,CPU,4,46,128,1.3412582450000627
phi3:3.8b,GPU,5,46,128,1.5297159980000288
phi3:3.8b,CPU,5,46,128,5.506039748000148
phi3:3.8b,GPU,1,48,128,1.016051712999797
phi3:3.8b,CPU,1,48,128,5.598882881999998
phi3:3.8b,GPU,2,48,128,1.5387117889995352
phi3:3.8b,CPU,2,48,128,5.517053797000699
phi3:3.8b,GPU,3,48,128,0.8798300890002793
phi3:3.8b,CPU,3,48,128,5.5229290939996645
phi3:3.8b,GPU,4,48,128,1.4758809020004264
phi3:3.8b,CPU,4,48,128,5.523111009000786
phi3:3.8b,GPU,5,48,128,1.6719233570001961
phi3:3.8b,CPU,5,48,128,5.519691318000696
phi3:3.8b,GPU,1,50,128,1.7031447019999177
phi3:3.8b,CPU,1,50,128,2.8462550999993255
phi3:3.8b,GPU,2,50,128,1.543911095999647
phi3:3.8b,CPU,2,50,128,5.536352944999635
phi3:3.8b,GPU,3,50,128,1.5503391889997147
phi3:3.8b,CPU,3,50,128,5.544371226000294
phi3:3.8b,GPU,4,50,128,1.5346310370005085
phi3:3.8b,CPU,4,50,128,5.550014854999972
phi3:3.8b,GPU,5,50,128,1.6828238409998448
phi3:3.8b,CPU,5,50,128,5.546749617000387
phi3:3.8b,GPU,1,52,128,1.7079372799998964
phi3:3.8b,CPU,1,52,128,5.653819018999457
phi3:3.8b,GPU,2,52,128,1.6667817879997529
phi3:3.8b,CPU,2,52,128,5.581599818000541
phi3:3.8b,GPU,3,52,128,0.902268255999843
phi3:3.8b,CPU,3,52,128,1.1077467739996791
phi3:3.8b,GPU,4,52,128,0.16528452500006097
phi3:3.8b,CPU,4,52,128,5.570763124000223
phi3:3.8b,GPU,5,52,128,1.5356740809993426
phi3:3.8b,CPU,5,52,128,5.562488616999872
phi3:3.8b,GPU,1,54,128,1.6904448819996105
phi3:3.8b,CPU,1,54,128,5.660806159999993
phi3:3.8b,GPU,2,54,128,1.5469245180001963
phi3:3.8b,CPU,2,54,128,5.591815176999262
phi3:3.8b,GPU,3,54,128,1.6958114760000171
phi3:3.8b,CPU,3,54,128,5.581959379000182
phi3:3.8b,GPU,4,54,128,1.56999572299992
phi3:3.8b,CPU,4,54,128,5.582408088000193
phi3:3.8b,GPU,5,54,128,1.7228551770003833
phi3:3.8b,CPU,5,54,128,5.594467436000741
phi3:3.8b,GPU,1,56,128,1.554544232999433
phi3:3.8b,CPU,1,56,128,5.69665606000035
phi3:3.8b,GPU,2,56,128,1.716977200000656
phi3:3.8b,CPU,2,56,128,5.617370128999937
phi3:3.8b,GPU,3,56,128,1.5418879910002943
phi3:3.8b,CPU,3,56,128,5.607872329000202
phi3:3.8b,GPU,4,56,128,1.6821209760000784
phi3:3.8b,CPU,4,56,128,5.612450584000726
phi3:3.8b,GPU,5,56,128,1.5485970960007762
phi3:3.8b,CPU,5,56,128,5.610204182999951
phi3:3.8b,GPU,1,58,128,1.739167918000021
phi3:3.8b,CPU,1,58,128,5.710469304000071
phi3:3.8b,GPU,2,58,128,1.5524771710006462
phi3:3.8b,CPU,2,58,128,5.640161280999564
phi3:3.8b,GPU,3,58,128,1.5650753680001799
phi3:3.8b,CPU,3,58,128,5.652997353000501
phi3:3.8b,GPU,4,58,128,1.7036556439998094
phi3:3.8b,CPU,4,58,128,5.86083126199992
phi3:3.8b,GPU,5,58,128,1.5604316180006208
phi3:3.8b,CPU,5,58,128,5.644603577000453
phi3:3.8b,GPU,1,60,128,1.7123201250005877
phi3:3.8b,CPU,1,60,128,5.74031616100001
phi3:3.8b,GPU,2,60,128,1.7164023650002491
phi3:3.8b,CPU,2,60,128,5.6626568299998326
phi3:3.8b,GPU,3,60,128,1.6929636659997414
phi3:3.8b,CPU,3,60,128,5.654574647999652
phi3:3.8b,GPU,4,60,128,1.7014902979999533
phi3:3.8b,CPU,4,60,128,5.656397379000737
phi3:3.8b,GPU,5,60,128,1.570158255000024
phi3:3.8b,CPU,5,60,128,5.666898130999471
phi3:3.8b,GPU,1,62,128,1.7519644190006147
phi3:3.8b,CPU,1,62,128,5.766658439999446
phi3:3.8b,GPU,2,62,128,0.48763683600009244
phi3:3.8b,CPU,2,62,128,5.690226005000113
phi3:3.8b,GPU,3,62,128,1.7307224619999033
phi3:3.8b,CPU,3,62,128,5.902754863999689
phi3:3.8b,GPU,4,62,128,1.600266247000036
phi3:3.8b,CPU,4,62,128,5.699923174000105
phi3:3.8b,GPU,5,62,128,1.739251670000158
phi3:3.8b,CPU,5,62,128,5.674732912999389
phi3:3.8b,GPU,1,64,128,1.5824685010002213
phi3:3.8b,CPU,1,64,128,5.781539693999548
phi3:3.8b,GPU,2,64,128,1.7367781169996306
phi3:3.8b,CPU,2,64,128,5.7183118080001805
phi3:3.8b,GPU,3,64,128,1.7374562810000498
phi3:3.8b,CPU,3,64,128,5.693044421000195
phi3:3.8b,GPU,4,64,128,1.5637076030006938
phi3:3.8b,CPU,4,64,128,5.709987999000077
phi3:3.8b,GPU,5,64,128,1.744959998000013
phi3:3.8b,CPU,5,64,128,2.447297895999327
phi3:3.8b,GPU,1,66,128,0.8187160699999367
phi3:3.8b,CPU,1,66,128,5.806343317000028
phi3:3.8b,GPU,2,66,128,1.7440303179992043
phi3:3.8b,CPU,2,66,128,5.739979619999758
phi3:3.8b,GPU,3,66,128,1.7573463580001771
phi3:3.8b,CPU,3,66,128,5.738722950999545
phi3:3.8b,GPU,4,66,128,1.749947489999613
phi3:3.8b,CPU,4,66,128,5.722567064999566
phi3:3.8b,GPU,5,66,128,1.5734409599999708
phi3:3.8b,CPU,5,66,128,5.728147259999787
phi3:3.8b,GPU,1,68,128,1.780232948000048
phi3:3.8b,CPU,1,68,128,5.8199082950004595
phi3:3.8b,GPU,2,68,128,1.7727528559998973
phi3:3.8b,CPU,2,68,128,5.750039917000322
phi3:3.8b,GPU,3,68,128,1.7463822510007958
phi3:3.8b,CPU,3,68,128,5.746029083999929
phi3:3.8b,GPU,4,68,128,1.770373491999635
phi3:3.8b,CPU,4,68,128,5.750719494000805
phi3:3.8b,GPU,5,68,128,1.753914812000403
phi3:3.8b,CPU,5,68,128,5.755698229999325
phi3:3.8b,GPU,1,70,128,1.767768579999938
phi3:3.8b,CPU,1,70,128,1.7524014970003918
phi3:3.8b,GPU,2,70,128,1.768066564000037
phi3:3.8b,CPU,2,70,128,5.771902458999648
phi3:3.8b,GPU,3,70,128,1.5821351909999066
phi3:3.8b,CPU,3,70,128,3.419684172000416
phi3:3.8b,GPU,4,70,128,1.7608361450002121
phi3:3.8b,CPU,4,70,128,1.764861326000755
phi3:3.8b,GPU,5,70,128,1.7798672059998353
phi3:3.8b,CPU,5,70,128,5.771650881999449
phi3:3.8b,GPU,1,72,128,1.6136692220006807
phi3:3.8b,CPU,1,72,128,5.868951526000274
phi3:3.8b,GPU,2,72,128,0.3303840479993596
phi3:3.8b,CPU,2,72,128,5.804716072999327
phi3:3.8b,GPU,3,72,128,1.6517327260007733
phi3:3.8b,CPU,3,72,128,5.794779941000343
phi3:3.8b,GPU,4,72,128,1.7804694360002031
phi3:3.8b,CPU,4,72,128,5.781760853000378
phi3:3.8b,GPU,5,72,128,1.579134169000099
phi3:3.8b,CPU,5,72,128,5.807311587000186
phi3:3.8b,GPU,1,74,128,1.8202867300005892
phi3:3.8b,CPU,1,74,128,5.89401250300034
phi3:3.8b,GPU,2,74,128,1.588638792999518
phi3:3.8b,CPU,2,74,128,5.8160055060006925
phi3:3.8b,GPU,3,74,128,1.7976366270004291
phi3:3.8b,CPU,3,74,128,5.811853375999817
phi3:3.8b,GPU,4,74,128,1.588669050000135
phi3:3.8b,CPU,4,74,128,5.813580439000361
phi3:3.8b,GPU,5,74,128,1.7848742750002202
phi3:3.8b,CPU,5,74,128,5.816419810999832
phi3:3.8b,GPU,1,76,128,0.6957969750001212
phi3:3.8b,CPU,1,76,128,2.4512718389996735
phi3:3.8b,GPU,2,76,128,1.8102230470003633
phi3:3.8b,CPU,2,76,128,5.884827763999965
phi3:3.8b,GPU,3,76,128,0.6699687150003228
phi3:3.8b,CPU,3,76,128,6.015733320000436
phi3:3.8b,GPU,4,76,128,1.7789076889994249
phi3:3.8b,CPU,4,76,128,5.833626175999598
phi3:3.8b,GPU,5,76,128,0.6138100829994073
phi3:3.8b,CPU,5,76,128,5.830262317999768
phi3:3.8b,GPU,1,78,128,1.5989188960002139
phi3:3.8b,CPU,1,78,128,5.958837231999496
phi3:3.8b,GPU,2,78,128,1.8022907690001375
phi3:3.8b,CPU,2,78,128,5.858841987000233
phi3:3.8b,GPU,3,78,128,1.8064175019999311
phi3:3.8b,CPU,3,78,128,5.856561478000003
phi3:3.8b,GPU,4,78,128,1.8189062960000228
phi3:3.8b,CPU,4,78,128,5.870911197000169
phi3:3.8b,GPU,5,78,128,1.0768236509993585
phi3:3.8b,CPU,5,78,128,5.859282360000179
phi3:3.8b,GPU,1,80,128,1.810916740999346
phi3:3.8b,CPU,1,80,128,5.9726269089997
phi3:3.8b,GPU,2,80,128,0.796016093999242
phi3:3.8b,CPU,2,80,128,5.86998145599955
phi3:3.8b,GPU,3,80,128,1.8231941040003221
phi3:3.8b,CPU,3,80,128,5.889446778000092
phi3:3.8b,GPU,4,80,128,1.8159077800000887
phi3:3.8b,CPU,4,80,128,5.874391414999991
phi3:3.8b,GPU,5,80,128,1.574376100000336
phi3:3.8b,CPU,5,80,128,5.888551232999816
phi3:3.8b,GPU,1,82,128,0.23158862399941427
phi3:3.8b,CPU,1,82,128,0.82124470799954
phi3:3.8b,GPU,2,82,128,1.3818112369999653
phi3:3.8b,CPU,2,82,128,5.895214097999997
phi3:3.8b,GPU,3,82,128,1.8095553529992685
phi3:3.8b,CPU,3,82,128,5.000330042999849
phi3:3.8b,GPU,4,82,128,1.819399479999447
phi3:3.8b,CPU,4,82,128,0.681043253000098
phi3:3.8b,GPU,5,82,128,1.615398224999808
phi3:3.8b,CPU,5,82,128,0.722557859000517
phi3:3.8b,GPU,1,84,128,1.8439387180005724
phi3:3.8b,CPU,1,84,128,6.0181233249995785
phi3:3.8b,GPU,2,84,128,1.607725629000015
phi3:3.8b,CPU,2,84,128,5.926654421999956
phi3:3.8b,GPU,3,84,128,1.8311783910003214
phi3:3.8b,CPU,3,84,128,5.923211526000159
phi3:3.8b,GPU,4,84,128,1.8363232310002786
phi3:3.8b,CPU,4,84,128,5.928213653999592
phi3:3.8b,GPU,5,84,128,1.8303157270001975
phi3:3.8b,CPU,5,84,128,5.924242645000049
phi3:3.8b,GPU,1,86,128,1.8417540799991912
phi3:3.8b,CPU,1,86,128,6.028158140999949
phi3:3.8b,GPU,2,86,128,1.85657645900028
phi3:3.8b,CPU,2,86,128,5.961418811999465
phi3:3.8b,GPU,3,86,128,1.857726566000565
phi3:3.8b,CPU,3,86,128,5.95139369699973
phi3:3.8b,GPU,4,86,128,1.8551082880003378
phi3:3.8b,CPU,4,86,128,5.943791090999184
phi3:3.8b,GPU,5,86,128,1.6042143059994487
phi3:3.8b,CPU,5,86,128,5.936728987999231
phi3:3.8b,GPU,1,88,128,1.8476559460004864
phi3:3.8b,CPU,1,88,128,6.056515440000112
phi3:3.8b,GPU,2,88,128,1.5806688600005145
phi3:3.8b,CPU,2,88,128,0.8248291850004534
phi3:3.8b,GPU,3,88,128,1.8598483839996334
phi3:3.8b,CPU,3,88,128,5.9550595189994056
phi3:3.8b,GPU,4,88,128,1.6034756979997837
phi3:3.8b,CPU,4,88,128,5.962666940999952
phi3:3.8b,GPU,5,88,128,1.8525858709999738
phi3:3.8b,CPU,5,88,128,5.962763367999287
phi3:3.8b,GPU,1,90,128,0.6252191869998569
phi3:3.8b,CPU,1,90,128,6.12045246300022
phi3:3.8b,GPU,2,90,128,0.33878551599991624
phi3:3.8b,CPU,2,90,128,0.46510228399984044
phi3:3.8b,GPU,3,90,128,1.1293951319994449
phi3:3.8b,CPU,3,90,128,5.990471968000747
phi3:3.8b,GPU,4,90,128,1.518241916000079
phi3:3.8b,CPU,4,90,128,5.994581620000645
phi3:3.8b,GPU,5,90,128,1.618187797000246
phi3:3.8b,CPU,5,90,128,5.99898191200009
phi3:3.8b,GPU,1,92,128,1.6224392679996527
phi3:3.8b,CPU,1,92,128,6.1074702599999
phi3:3.8b,GPU,2,92,128,0.9777603319998889
phi3:3.8b,CPU,2,92,128,6.007474994999939
phi3:3.8b,GPU,3,92,128,1.8238803539998116
phi3:3.8b,CPU,3,92,128,6.003791750000346
phi3:3.8b,GPU,4,92,128,1.8839208379995398
phi3:3.8b,CPU,4,92,128,5.865658285999416
phi3:3.8b,GPU,5,92,128,1.8404610110001158
phi3:3.8b,CPU,5,92,128,6.008594310999797
phi3:3.8b,GPU,1,94,128,1.8678872069995123
phi3:3.8b,CPU,1,94,128,6.128812253000433
phi3:3.8b,GPU,2,94,128,1.8742994490003184
phi3:3.8b,CPU,2,94,128,6.030365311000423
phi3:3.8b,GPU,3,94,128,1.8618864730005953
phi3:3.8b,CPU,3,94,128,6.037333186000069
phi3:3.8b,GPU,4,94,128,0.18535069700010354
phi3:3.8b,CPU,4,94,128,2.6369431670000267
phi3:3.8b,GPU,5,94,128,0.7911698060006529
phi3:3.8b,CPU,5,94,128,6.029732162000073
phi3:3.8b,GPU,1,96,128,1.6216025929998068
phi3:3.8b,CPU,1,96,128,6.146026119999988
phi3:3.8b,GPU,2,96,128,1.6090658739994979
phi3:3.8b,CPU,2,96,128,6.044453839000198
phi3:3.8b,GPU,3,96,128,1.8536415810003746
phi3:3.8b,CPU,3,96,128,6.0578889999997045
phi3:3.8b,GPU,4,96,128,1.6041553850000128
phi3:3.8b,CPU,4,96,128,6.045407334999254
phi3:3.8b,GPU,5,96,128,1.6673611329997584
phi3:3.8b,CPU,5,96,128,6.050935453999955
phi3:3.8b,GPU,1,98,128,1.8679096690002552
phi3:3.8b,CPU,1,98,128,6.174992148000456
phi3:3.8b,GPU,2,98,128,1.6224749850007356
phi3:3.8b,CPU,2,98,128,6.073740638000345
phi3:3.8b,GPU,3,98,128,1.8554158309998456
phi3:3.8b,CPU,3,98,128,6.070246070000394
phi3:3.8b,GPU,4,98,128,1.8573641900002258
phi3:3.8b,CPU,4,98,128,0.6587188329995115
phi3:3.8b,GPU,5,98,128,1.8544797979993746
phi3:3.8b,CPU,5,98,128,6.070408518000477
